Kecamatan,Kelurahan,ID_Kelurahan,Link_Sumber,Pendapatan_Asli_Desa_Rp
Kec. Baki,Bakipandeyan,031110AH,https://pidekso.sukoharjokab.go.id/front/grafik/data-keuangan/031110AH,232850000
Kec. Baki,Bentakan,031110AE,https://pidekso.sukoharjokab.go.id/front/grafik/data-keuangan/031110AE,244000000
Kec. Baki,Duwet,031110AJ,https://pidekso.sukoharjokab.go.id/front/grafik/data-keuangan/031110AJ,206150000
Kec. Baki,Gedongan,031110AC,https://pidekso.sukoharjokab.go.id/front/grafik/data-keuangan/031110AC,45000000
Kec. Baki,Gentan,031110AM,https://pidekso.sukoharjokab.go.id/front/grafik/data-keuangan/031110AM,432500000
Kec. Baki,Jetis,031110AD,https://pidekso.sukoharjokab.go.id/front/grafik/data-keuangan/031110AD,66135000
Kec. Baki,Kadilangu,031110AG,https://pidekso.sukoharjokab.go.id/front/grafik/data-keuangan/031110AG,257200000
Kec. Baki,Kudu,031110AF,https://pidekso.sukoharjokab.go.id/front/grafik/data-keuangan/031110AF,317950000
Kec. Baki,Mancasan,031110AB,https://pidekso.sukoharjokab.go.id/front/grafik/data-keuangan/031110AB,114400000
Kec. Baki,Menuran,031110AI,https://pidekso.sukoharjokab.go.id/front/grafik/data-keuangan/031110AI,310000000
Kec. Baki,Ngrombo,031110AA,https://pidekso.sukoharjokab.go.id/front/grafik/data-keuangan/031110AA,163700000
Kec. Baki,Purbayan,031110AN,https://pidekso.sukoharjokab.go.id/front/grafik/data-keuangan/031110AN,178670000
Kec. Baki,Siwal,031110AK,https://pidekso.sukoharjokab.go.id/front/grafik/data-keuangan/031110AK,127600000
Kec. Baki,Waru,031110AL,https://pidekso.sukoharjokab.go.id/front/grafik/data-keuangan/031110AL,121030000
Kec. Bendosari,Bendosari,031106AF,https://pidekso.sukoharjokab.go.id/front/grafik/data-keuangan/031106AF,92300000
Kec. Bendosari,Cabeyan,031106AC,https://pidekso.sukoharjokab.go.id/front/grafik/data-keuangan/031106AC,91300000
Kec. Bendosari,Gentan,031106AN,https://pidekso.sukoharjokab.go.id/front/grafik/data-keuangan/031106AN,433450000
Kec. Bendosari,Jagan,031106AA,https://pidekso.sukoharjokab.go.id/front/grafik/data-keuangan/031106AA,71000000
Kec. Bendosari,Jombor,031106AK,https://pidekso.sukoharjokab.go.id/front/grafik/data-keuangan/031106AK,0
Kec. Bendosari,Manisharjo,031106AB,https://pidekso.sukoharjokab.go.id/front/grafik/data-keuangan/031106AB,48000000
Kec. Bendosari,Mertan,031106AH,https://pidekso.sukoharjokab.go.id/front/grafik/data-keuangan/031106AH,155000000
Kec. Bendosari,Mojorejo,031106AG,https://pidekso.sukoharjokab.go.id/front/grafik/data-keuangan/031106AG,52145000
Kec. Bendosari,Mulur,031106AI,https://pidekso.sukoharjokab.go.id/front/grafik/data-keuangan/031106AI,525000000
Kec. Bendosari,Paluhombo,031106AE,https://pidekso.sukoharjokab.go.id/front/grafik/data-keuangan/031106AE,75480000
Kec. Bendosari,Puhgogor,031106AD,https://pidekso.sukoharjokab.go.id/front/grafik/data-keuangan/031106AD,89400000
Kec. Bendosari,Sidorejo,031106AL,https://pidekso.sukoharjokab.go.id/front/grafik/data-keuangan/031106AL,278200000
Kec. Bendosari,Sugihan,031106AM,https://pidekso.sukoharjokab.go.id/front/grafik/data-keuangan/031106AM,399200000
Kec. Bendosari,Toriyo,031106AJ,https://pidekso.sukoharjokab.go.id/front/grafik/data-keuangan/031106AJ,234400000
Kec. Bulu,Bulu,031102AF,https://pidekso.sukoharjokab.go.id/front/grafik/data-keuangan/031102AF,79500000
Kec. Bulu,Gentan,031102AC,https://pidekso.sukoharjokab.go.id/front/grafik/data-keuangan/031102AC,63775000
Kec. Bulu,Kamal,031102AB,https://pidekso.sukoharjokab.go.id/front/grafik/data-keuangan/031102AB,87850000
Kec. Bulu,Karangasem,031102AL,https://pidekso.sukoharjokab.go.id/front/grafik/data-keuangan/031102AL,264100000
Kec. Bulu,Kedungsono,031102AD,https://pidekso.sukoharjokab.go.id/front/grafik/data-keuangan/031102AD,70200000
Kec. Bulu,Kunden,031102AG,https://pidekso.sukoharjokab.go.id/front/grafik/data-keuangan/031102AG,90000000
Kec. Bulu,Lengking,031102AJ,https://pidekso.sukoharjokab.go.id/front/grafik/data-keuangan/031102AJ,125500000
Kec. Bulu,Malangan,031102AI,https://pidekso.sukoharjokab.go.id/front/grafik/data-keuangan/031102AI,150941200
Kec. Bulu,Ngasinan,031102AK,https://pidekso.sukoharjokab.go.id/front/grafik/data-keuangan/031102AK,163300000
Kec. Bulu,Puron,031102AH,https://pidekso.sukoharjokab.go.id/front/grafik/data-keuangan/031102AH,77750000
Kec. Bulu,Sanggang,031102AA,https://pidekso.sukoharjokab.go.id/front/grafik/data-keuangan/031102AA,34100000
Kec. Bulu,Tiyaran,031102AE,https://pidekso.sukoharjokab.go.id/front/grafik/data-keuangan/031102AE,59400000
Kec. Gatak,Blimbing,031111AC,https://pidekso.sukoharjokab.go.id/front/grafik/data-keuangan/031111AC,510460000
Kec. Gatak,Geneng,031111AE,https://pidekso.sukoharjokab.go.id/front/grafik/data-keuangan/031111AE,142750000
Kec. Gatak,Jati,031111AF,https://pidekso.sukoharjokab.go.id/front/grafik/data-keuangan/031111AF,220900000
Kec. Gatak,Kagokan,031111AB,https://pidekso.sukoharjokab.go.id/front/grafik/data-keuangan/031111AB,109310000
Kec. Gatak,Klaseman,031111AI,https://pidekso.sukoharjokab.go.id/front/grafik/data-keuangan/031111AI,128600000
Kec. Gatak,Krajan - Gatak,031111AD,https://pidekso.sukoharjokab.go.id/front/grafik/data-keuangan/031111AD,240600000
Kec. Gatak,Luwang,031111AH,https://pidekso.sukoharjokab.go.id/front/grafik/data-keuangan/031111AH,134850000
Kec. Gatak,Mayang,031111AN,https://pidekso.sukoharjokab.go.id/front/grafik/data-keuangan/031111AN,151000000
Kec. Gatak,Sanggung,031111AA,https://pidekso.sukoharjokab.go.id/front/grafik/data-keuangan/031111AA,161000000
Kec. Gatak,Sraten,031111AK,https://pidekso.sukoharjokab.go.id/front/grafik/data-keuangan/031111AK,125500000
Kec. Gatak,Tempel,031111AJ,https://pidekso.sukoharjokab.go.id/front/grafik/data-keuangan/031111AJ,66600000
Kec. Gatak,Trangsan,031111AM,https://pidekso.sukoharjokab.go.id/front/grafik/data-keuangan/031111AM,258230000
Kec. Gatak,Trosemi,031111AG,https://pidekso.sukoharjokab.go.id/front/grafik/data-keuangan/031111AG,254570000
Kec. Gatak,Wironanggan,031111AL,https://pidekso.sukoharjokab.go.id/front/grafik/data-keuangan/031111AL,201000000
Kec. Grogol,Banaran,031109AM,https://pidekso.sukoharjokab.go.id/front/grafik/data-keuangan/031109AM,116335500
Kec. Grogol,Cemani,031109AN,https://pidekso.sukoharjokab.go.id/front/grafik/data-keuangan/031109AN,248400000
Kec. Grogol,Gedangan,031109AI,https://pidekso.sukoharjokab.go.id/front/grafik/data-keuangan/031109AI,141900000
Kec. Grogol,Grogol,031109AF,https://pidekso.sukoharjokab.go.id/front/grafik/data-keuangan/031109AF,158000000
Kec. Grogol,Kadokan,031109AE,https://pidekso.sukoharjokab.go.id/front/grafik/data-keuangan/031109AE,96600000
Kec. Grogol,Kwarasan,031109AJ,https://pidekso.sukoharjokab.go.id/front/grafik/data-keuangan/031109AJ,138400000
Kec. Grogol,Langenharjo,031109AH,https://pidekso.sukoharjokab.go.id/front/grafik/data-keuangan/031109AH,167800000
Kec. Grogol,Madegondo,031109AG,https://pidekso.sukoharjokab.go.id/front/grafik/data-keuangan/031109AG,186100000
Kec. Grogol,Manang,031109AL,https://pidekso.sukoharjokab.go.id/front/grafik/data-keuangan/031109AL,122900000
Kec. Grogol,Pandeyan,031109AC,https://pidekso.sukoharjokab.go.id/front/grafik/data-keuangan/031109AC,225000000
Kec. Grogol,Parangjoro,031109AB,https://pidekso.sukoharjokab.go.id/front/grafik/data-keuangan/031109AB,140040000
Kec. Grogol,Pondok,031109AA,https://pidekso.sukoharjokab.go.id/front/grafik/data-keuangan/031109AA,111000000
Kec. Grogol,Sanggrahan,031109AK,https://pidekso.sukoharjokab.go.id/front/grafik/data-keuangan/031109AK,176263000
Kec. Grogol,Telukan,031109AD,https://pidekso.sukoharjokab.go.id/front/grafik/data-keuangan/031109AD,175000000
Kec. Kartasura,Gonilan,031112AL,https://pidekso.sukoharjokab.go.id/front/grafik/data-keuangan/031112AL,269900000
Kec. Kartasura,Gumpang,031112AB,https://pidekso.sukoharjokab.go.id/front/grafik/data-keuangan/031112AB,230092500
Kec. Kartasura,Kartasura,031112AF,https://pidekso.sukoharjokab.go.id/front/grafik/data-keuangan/031112AF,0
Kec. Kartasura,Kertonatan,031112AH,https://pidekso.sukoharjokab.go.id/front/grafik/data-keuangan/031112AH,215440000
Kec. Kartasura,Makamhaji,031112AC,https://pidekso.sukoharjokab.go.id/front/grafik/data-keuangan/031112AC,325000000
Kec. Kartasura,Ngabeyan,031112AJ,https://pidekso.sukoharjokab.go.id/front/grafik/data-keuangan/031112AJ,167250000
Kec. Kartasura,Ngadirejo,031112AE,https://pidekso.sukoharjokab.go.id/front/grafik/data-keuangan/031112AE,0
Kec. Kartasura,Ngemplak,031112AA,https://pidekso.sukoharjokab.go.id/front/grafik/data-keuangan/031112AA,226700000
Kec. Kartasura,Pabelan,031112AD,https://pidekso.sukoharjokab.go.id/front/grafik/data-keuangan/031112AD,518150000
Kec. Kartasura,Pucangan,031112AG,https://pidekso.sukoharjokab.go.id/front/grafik/data-keuangan/031112AG,312200000
Kec. Kartasura,Singopuran,031112AK,https://pidekso.sukoharjokab.go.id/front/grafik/data-keuangan/031112AK,148400000
Kec. Kartasura,Wirogunan,031112AI,https://pidekso.sukoharjokab.go.id/front/grafik/data-keuangan/031112AI,267935000
Kec. Mojolaban,Bekonang,031108AD,https://pidekso.sukoharjokab.go.id/front/grafik/data-keuangan/031108AD,355900000
Kec. Mojolaban,Cangkol,031108AE,https://pidekso.sukoharjokab.go.id/front/grafik/data-keuangan/031108AE,428800000
Kec. Mojolaban,Demakan,031108AK,https://pidekso.sukoharjokab.go.id/front/grafik/data-keuangan/031108AK,291260000
Kec. Mojolaban,Dukuh,031108AL,https://pidekso.sukoharjokab.go.id/front/grafik/data-keuangan/031108AL,74400000
Kec. Mojolaban,Gadingan,031108AN,https://pidekso.sukoharjokab.go.id/front/grafik/data-keuangan/031108AN,341600000
Kec. Mojolaban,Joho,031108AJ,https://pidekso.sukoharjokab.go.id/front/grafik/data-keuangan/031108AJ,568580000
Kec. Mojolaban,Klumprit,031108AF,https://pidekso.sukoharjokab.go.id/front/grafik/data-keuangan/031108AF,432955000
Kec. Mojolaban,Kragilan,031108AG,https://pidekso.sukoharjokab.go.id/front/grafik/data-keuangan/031108AG,196500000
Kec. Mojolaban,Laban,031108AB,https://pidekso.sukoharjokab.go.id/front/grafik/data-keuangan/031108AB,488400000
Kec. Mojolaban,Palur,031108AO,https://pidekso.sukoharjokab.go.id/front/grafik/data-keuangan/031108AO,382000000
Kec. Mojolaban,Plumbon,031108AM,https://pidekso.sukoharjokab.go.id/front/grafik/data-keuangan/031108AM,279270000
Kec. Mojolaban,Sapen,031108AH,https://pidekso.sukoharjokab.go.id/front/grafik/data-keuangan/031108AH,360600000
Kec. Mojolaban,Tegalmade,031108AA,https://pidekso.sukoharjokab.go.id/front/grafik/data-keuangan/031108AA,541200000
Kec. Mojolaban,Triyagan,031108AI,https://pidekso.sukoharjokab.go.id/front/grafik/data-keuangan/031108AI,304600000
Kec. Mojolaban,Wirun,031108AC,https://pidekso.sukoharjokab.go.id/front/grafik/data-keuangan/031108AC,410050000
Kec. Nguter,Baran,031105AB,https://pidekso.sukoharjokab.go.id/front/grafik/data-keuangan/031105AB,90800000
Kec. Nguter,Celep,031105AJ,https://pidekso.sukoharjokab.go.id/front/grafik/data-keuangan/031105AJ,112500000
Kec. Nguter,Daleman,031105AM,https://pidekso.sukoharjokab.go.id/front/grafik/data-keuangan/031105AM,162180000
Kec. Nguter,Gupit,031105AD,https://pidekso.sukoharjokab.go.id/front/grafik/data-keuangan/031105AD,60770000
Kec. Nguter,Jangglengan,031105AF,https://pidekso.sukoharjokab.go.id/front/grafik/data-keuangan/031105AF,47900000
Kec. Nguter,Juron,031105AI,https://pidekso.sukoharjokab.go.id/front/grafik/data-keuangan/031105AI,55200000
Kec. Nguter,Kedungwinong,031105AL,https://pidekso.sukoharjokab.go.id/front/grafik/data-keuangan/031105AL,240500000
Kec. Nguter,Kepuh,031105AN,https://pidekso.sukoharjokab.go.id/front/grafik/data-keuangan/031105AN,315000000
Kec. Nguter,Lawu,031105AA,https://pidekso.sukoharjokab.go.id/front/grafik/data-keuangan/031105AA,276000000
Kec. Nguter,Nguter,031105AC,https://pidekso.sukoharjokab.go.id/front/grafik/data-keuangan/031105AC,7277500
Kec. Nguter,Pengkol,031105AE,https://pidekso.sukoharjokab.go.id/front/grafik/data-keuangan/031105AE,38500000
Kec. Nguter,Plesan,031105AK,https://pidekso.sukoharjokab.go.id/front/grafik/data-keuangan/031105AK,83000000
Kec. Nguter,Pondok,031105AO,https://pidekso.sukoharjokab.go.id/front/grafik/data-keuangan/031105AO,355054000
Kec. Nguter,Serut,031105AH,https://pidekso.sukoharjokab.go.id/front/grafik/data-keuangan/031105AH,121200000
Kec. Nguter,Tanjung,031105AP,https://pidekso.sukoharjokab.go.id/front/grafik/data-keuangan/031105AP,284220000
Kec. Nguter,Tanjungrejo,031105AG,https://pidekso.sukoharjokab.go.id/front/grafik/data-keuangan/031105AG,60800000
Kec. Polokarto,Bakalan,031107AE,https://pidekso.sukoharjokab.go.id/front/grafik/data-keuangan/031107AE,267200000
Kec. Polokarto,Bugel,031107AB,https://pidekso.sukoharjokab.go.id/front/grafik/data-keuangan/031107AB,427750000
Kec. Polokarto,Bulu,031107AJ,https://pidekso.sukoharjokab.go.id/front/grafik/data-keuangan/031107AJ,72200000
Kec. Polokarto,Genengsari,031107AQ,https://pidekso.sukoharjokab.go.id/front/grafik/data-keuangan/031107AQ,386920000
Kec. Polokarto,Godog,031107AF,https://pidekso.sukoharjokab.go.id/front/grafik/data-keuangan/031107AF,255600000
Kec. Polokarto,Jatisobo,031107AO,https://pidekso.sukoharjokab.go.id/front/grafik/data-keuangan/031107AO,431984500
Kec. Polokarto,Karangwuni,031107AC,https://pidekso.sukoharjokab.go.id/front/grafik/data-keuangan/031107AC,334000000
Kec. Polokarto,Kayuapak,031107AP,https://pidekso.sukoharjokab.go.id/front/grafik/data-keuangan/031107AP,270268000
Kec. Polokarto,Kemasan,031107AG,https://pidekso.sukoharjokab.go.id/front/grafik/data-keuangan/031107AG,284920000
Kec. Polokarto,Kenokorejo,031107AH,https://pidekso.sukoharjokab.go.id/front/grafik/data-keuangan/031107AH,212750000
Kec. Polokarto,Mranggen,031107AM,https://pidekso.sukoharjokab.go.id/front/grafik/data-keuangan/031107AM,276602000
Kec. Polokarto,Ngombakan,031107AD,https://pidekso.sukoharjokab.go.id/front/grafik/data-keuangan/031107AD,452400000
Kec. Polokarto,Polokarto,031107AL,https://pidekso.sukoharjokab.go.id/front/grafik/data-keuangan/031107AL,78928000
Kec. Polokarto,Pranan,031107AA,https://pidekso.sukoharjokab.go.id/front/grafik/data-keuangan/031107AA,319700000
Kec. Polokarto,Rejosari,031107AK,https://pidekso.sukoharjokab.go.id/front/grafik/data-keuangan/031107AK,106500000
Kec. Polokarto,Tepisari,031107AI,https://pidekso.sukoharjokab.go.id/front/grafik/data-keuangan/031107AI,104850000
Kec. Polokarto,Wonorejo,031107AN,https://pidekso.sukoharjokab.go.id/front/grafik/data-keuangan/031107AN,314000000
Kec. Sukoharjo,Banmati,031104AB,https://pidekso.sukoharjokab.go.id/front/grafik/data-keuangan/031104AB,0
Kec. Sukoharjo,Begajah,031104AD,https://pidekso.sukoharjokab.go.id/front/grafik/data-keuangan/031104AD,0
Kec. Sukoharjo,Bulakan,031104AJ,https://pidekso.sukoharjokab.go.id/front/grafik/data-keuangan/031104AJ,0
Kec. Sukoharjo,Bulakrejo,031104AM,https://pidekso.sukoharjokab.go.id/front/grafik/data-keuangan/031104AM,0
Kec. Sukoharjo,Combongan,031104AH,https://pidekso.sukoharjokab.go.id/front/grafik/data-keuangan/031104AH,0
Kec. Sukoharjo,Dukuh,031104AK,https://pidekso.sukoharjokab.go.id/front/grafik/data-keuangan/031104AK,0
Kec. Sukoharjo,Gayam,031104AE,https://pidekso.sukoharjokab.go.id/front/grafik/data-keuangan/031104AE,0
Kec. Sukoharjo,Jetis,031104AG,https://pidekso.sukoharjokab.go.id/front/grafik/data-keuangan/031104AG,0
Kec. Sukoharjo,Joho,031104AF,https://pidekso.sukoharjokab.go.id/front/grafik/data-keuangan/031104AF,0
Kec. Sukoharjo,Kenep,031104AA,https://pidekso.sukoharjokab.go.id/front/grafik/data-keuangan/031104AA,0
Kec. Sukoharjo,Kriwen,031104AI,https://pidekso.sukoharjokab.go.id/front/grafik/data-keuangan/031104AI,0
Kec. Sukoharjo,Mandan,031104AC,https://pidekso.sukoharjokab.go.id/front/grafik/data-keuangan/031104AC,0
Kec. Sukoharjo,Sonorejo,031104AN,https://pidekso.sukoharjokab.go.id/front/grafik/data-keuangan/031104AN,0
Kec. Sukoharjo,Sukoharjo,031104AL,https://pidekso.sukoharjokab.go.id/front/grafik/data-keuangan/031104AL,0
Kec. Tawangsari,Dalangan,031103AH,https://pidekso.sukoharjokab.go.id/front/grafik/data-keuangan/031103AH,95100000
Kec. Tawangsari,Grajegan,031103AD,https://pidekso.sukoharjokab.go.id/front/grafik/data-keuangan/031103AD,169520000
Kec. Tawangsari,Kateguhan,031103AG,https://pidekso.sukoharjokab.go.id/front/grafik/data-keuangan/031103AG,155500000
Kec. Tawangsari,Kedungjambal,031103AE,https://pidekso.sukoharjokab.go.id/front/grafik/data-keuangan/031103AE,323000000
Kec. Tawangsari,Lorog,031103AC,https://pidekso.sukoharjokab.go.id/front/grafik/data-keuangan/031103AC,190750000
Kec. Tawangsari,Majasto,031103AK,https://pidekso.sukoharjokab.go.id/front/grafik/data-keuangan/031103AK,286700000
Kec. Tawangsari,Pojok,031103AI,https://pidekso.sukoharjokab.go.id/front/grafik/data-keuangan/031103AI,137600000
Kec. Tawangsari,Ponowaren,031103AF,https://pidekso.sukoharjokab.go.id/front/grafik/data-keuangan/031103AF,265500000
Kec. Tawangsari,Pundungrejo,031103AB,https://pidekso.sukoharjokab.go.id/front/grafik/data-keuangan/031103AB,71000000
Kec. Tawangsari,Tambakboyo,031103AL,https://pidekso.sukoharjokab.go.id/front/grafik/data-keuangan/031103AL,51880000
Kec. Tawangsari,Tangkisan,031103AJ,https://pidekso.sukoharjokab.go.id/front/grafik/data-keuangan/031103AJ,214500000
Kec. Tawangsari,Watubonang,031103AA,https://pidekso.sukoharjokab.go.id/front/grafik/data-keuangan/031103AA,244800000
Kec. Weru,Alasombo,031101AG,https://pidekso.sukoharjokab.go.id/front/grafik/data-keuangan/031101AG,62200000
Kec. Weru,Grogol,031101AA,https://pidekso.sukoharjokab.go.id/front/grafik/data-keuangan/031101AA,289000000
Kec. Weru,Jatingarang,031101AE,https://pidekso.sukoharjokab.go.id/front/grafik/data-keuangan/031101AE,107600000
Kec. Weru,Karakan,031101AJ,https://pidekso.sukoharjokab.go.id/front/grafik/data-keuangan/031101AJ,336000000
Kec. Weru,Karanganyar,031101AF,https://pidekso.sukoharjokab.go.id/front/grafik/data-keuangan/031101AF,117400000
Kec. Weru,Karangmojo,031101AH,https://pidekso.sukoharjokab.go.id/front/grafik/data-keuangan/031101AH,96000000
Kec. Weru,Karangtengah,031101AB,https://pidekso.sukoharjokab.go.id/front/grafik/data-keuangan/031101AB,335650000
Kec. Weru,Karangwuni,031101AC,https://pidekso.sukoharjokab.go.id/front/grafik/data-keuangan/031101AC,153400000
Kec. Weru,Krajan - Weru,031101AD,https://pidekso.sukoharjokab.go.id/front/grafik/data-keuangan/031101AD,223820000
Kec. Weru,Ngreco,031101AM,https://pidekso.sukoharjokab.go.id/front/grafik/data-keuangan/031101AM,313175000
Kec. Weru,Tawang,031101AL,https://pidekso.sukoharjokab.go.id/front/grafik/data-keuangan/031101AL,450080000
Kec. Weru,Tegalsari,031101AK,https://pidekso.sukoharjokab.go.id/front/grafik/data-keuangan/031101AK,363200000
Kec. Weru,Weru,031101AI,https://pidekso.sukoharjokab.go.id/front/grafik/data-keuangan/031101AI,218080000
