cooperative_id,rata_jarak_antar_kopdes_m,kepadatan_jaringan_jalan,Kepadatan_Komersial_UMKM,Jarak_Min_Komersial_m,Kepadatan_Logistik_Eksternal,Jarak_Min_Logistik_m,Kepadatan_Bank_Besar,Jarak_Min_Bank_m,Kepadatan_Keuangan_Mikro,Jarak_Min_Keuangan_Mikro_m,populasi,persenatase perempuan,rata-rata usia,jumlah_kk,luas_km2,rata-rata anggota keluarga,kepadatan penduduk (jiwa/km2),ruas 100,ruas 200,ruas 300,ruas 400,ruas 500,ruas 600,ruas 700,ruas 800,ruas 900,ruas 1000,Peserta Keluarga Berencana,Bukan Peserta Keluarga Berencana,Tanaman Pangan,Rumah Tangga Usaha Pertanian,Usaha Pertanian Perorangan,Pendapatan_Asli_Desa_Rp
32337,10621.789417860226,0.0,429,103.85,0,1500.0,12,241.51,0,1500.0,5364.0,49.79,36.05,1852.0,3.16,2.9,1697.47,215.57,728.27,2590.44,5418.98,7864.64,12067.96,17371.53,22106.26,26105.58,31699.13,607.0,149.0,315.0,371.0,377.0,568580000.0
32376,10972.703167934573,0.0,588,71.12,0,1500.0,16,231.45,1,621.85,5446.0,49.32,36.25,1884.0,3.15,2.89,1728.89,121.39,1236.58,3180.16,5947.17,8626.44,12083.8,17190.11,22001.74,28754.81,36299.27,443.0,249.0,252.0,313.0,316.0,568580000.0
52828,10451.296731201715,0.010979520199917,431,320.6,0,1500.0,4,719.35,0,1500.0,6053.0,50.37,35.11,2009.0,3.12,3.01,1940.06,98.84,511.71,1312.58,2946.43,4737.01,7487.89,10881.89,15982.34,23917.32,34493.18,709.0,155.0,343.0,411.0,413.0,568580000.0
52917,9922.040975560762,0.0133847492773932,505,181.2,0,1500.0,12,636.41,0,1500.0,7210.0,49.86,34.36,2395.0,4.1,3.01,1758.54,195.58,710.05,1849.38,3195.11,5564.01,10758.66,16891.18,25706.63,34305.1,42049.43,721.0,544.0,501.0,529.0,540.0,568580000.0
52932,10567.7914201375,0.0127387584619764,410,109.99,0,1500.0,7,228.97,0,1500.0,5265.0,49.29,35.32,1782.0,2.81,2.95,1873.67,154.63,1815.64,4103.48,7533.91,10665.18,14937.23,19590.89,25877.84,32095.03,40019.99,608.0,147.0,173.0,327.0,335.0,568580000.0
52934,10208.586487115568,0.0114667698750939,496,1.8,0,1500.0,7,8.66,0,1500.0,5793.0,50.49,34.67,1939.0,4.42,2.99,1310.63,458.35,939.79,2221.44,4725.35,7310.19,10649.5,15652.59,22108.72,27708.35,36023.92,795.0,192.0,335.0,379.0,381.0,568580000.0
55333,10472.659871448312,0.0180271143476498,707,47.35,0,1500.0,23,89.23,1,423.47,10388.0,50.94,35.56,3530.0,2.02,2.94,5142.57,939.23,3335.8,7425.4,12585.81,17985.98,23422.1,29898.92,37539.62,47083.08,56633.85,966.0,208.0,91.0,144.0,144.0,568580000.0
55407,10308.525010656076,0.0190263018127762,468,58.39,0,1500.0,7,87.65,0,1500.0,8078.0,50.09,35.02,2695.0,2.15,3.0,3757.21,742.79,2917.78,6037.47,10043.65,14600.06,20398.67,28565.07,37585.11,48884.09,59772.89,764.0,251.0,126.0,156.0,156.0,568580000.0
56019,10612.423076072148,0.0133711574452532,414,0.86,0,1500.0,6,290.42,0,1500.0,5530.0,49.28,34.53,1842.0,2.37,3.0,2333.33,413.92,1656.14,3495.5,6500.84,9026.49,11793.77,18264.88,25025.95,32914.3,42006.73,617.0,263.0,210.0,415.0,422.0,568580000.0
57472,10128.394936418284,0.0069502390690435,264,110.01,0,1500.0,2,817.33,0,1500.0,7020.0,50.01,34.3,2298.0,3.92,3.05,1790.82,10.77,177.44,405.48,1531.91,3800.01,6337.43,10467.56,13447.27,17321.7,21834.82,931.0,219.0,456.0,577.0,579.0,568580000.0
57512,10123.69803311784,0.0,473,28.5,0,1500.0,17,208.59,0,1500.0,9577.0,50.44,34.6,3116.0,1.91,3.07,5014.14,933.33,2757.21,5296.33,8490.1,11900.81,16582.99,22609.01,28579.86,35500.5,42460.58,915.0,292.0,127.0,158.0,161.0,568580000.0
58050,10583.674153808011,0.014214751854914,587,159.4,0,1500.0,17,322.57,0,1500.0,8745.0,49.05,33.62,2818.0,3.0,3.1,2915.0,434.64,1519.96,3701.96,7616.0,11874.16,16697.42,22777.43,29380.08,36140.99,44656.96,1065.0,225.0,219.0,372.0,373.0,568580000.0
61826,9905.726221591642,0.0077780389421519,236,21.96,0,1500.0,6,328.71,0,1500.0,11187.0,50.26,35.42,3769.0,4.94,2.97,2264.57,759.93,2858.19,4542.68,6634.6,9113.43,11742.34,14796.14,16913.98,19538.99,24435.43,1124.0,385.0,440.0,577.0,588.0,568580000.0
66646,10119.699616269983,0.0,257,28.19,0,1500.0,2,86.08,0,1500.0,4899.0,48.97,35.01,1680.0,3.24,2.92,1512.04,326.02,1146.54,2655.14,5169.74,8038.91,11601.77,16214.11,20316.32,23805.21,28221.73,446.0,296.0,199.0,212.0,213.0,568580000.0
32518,12452.238568195808,0.0248378636583699,928,28.42,0,1500.0,37,50.92,1,687.14,20494.0,50.55,36.14,7172.0,4.05,2.86,5060.25,872.76,3669.66,8037.38,13646.36,20274.21,28726.16,38774.85,50713.34,62976.33,78030.45,1791.0,783.0,3.0,24.0,24.0,248400000.0
36810,10784.438764744564,0.0221905026166714,915,48.3,0,1500.0,55,48.3,1,840.72,8298.0,50.95,35.81,2793.0,2.99,2.97,2775.25,199.76,2077.67,4943.81,9583.03,16138.31,23861.76,32551.95,43427.5,55348.84,69713.52,798.0,281.0,42.0,94.0,94.0,167800000.0
38321,12928.54270839149,0.0212229997176157,702,58.39,0,1500.0,22,173.92,2,173.92,8089.0,50.03,35.9,2882.0,1.37,2.81,5904.38,359.67,912.58,3302.51,6494.49,11375.79,17503.11,26357.97,38256.05,51140.72,66674.02,666.0,332.0,13.0,28.0,28.0,116335500.0
47164,10649.128352804304,0.0141969742477707,678,23.56,0,1500.0,11,358.25,0,1500.0,8507.0,50.05,33.15,2735.0,3.52,3.11,2416.76,600.23,2499.91,5872.66,8695.39,12010.1,17045.12,23865.89,31390.79,38312.8,44601.11,933.0,421.0,127.0,221.0,221.0,111000000.0
47221,10182.97605233137,0.0109031290103317,436,36.25,0,1500.0,9,186.35,0,1500.0,5514.0,49.06,34.63,1862.0,5.58,2.96,988.17,423.85,1307.54,3298.95,5795.55,8843.56,12715.34,16917.72,21331.35,27023.69,34253.19,690.0,301.0,174.0,275.0,278.0,140040000.0
47269,10309.33348061131,0.0149590781434696,556,46.84,0,1500.0,10,115.67,0,1500.0,5479.0,49.11,35.01,1880.0,3.62,2.91,1513.54,756.7,2147.6,5010.36,8510.94,12901.05,19255.7,26539.77,33445.71,40159.77,46995.33,750.0,261.0,255.0,312.0,313.0,225000000.0
47972,10487.798133601606,0.0189015466190842,845,47.25,1,712.5,30,180.61,0,1500.0,12235.0,49.57,35.03,4109.0,1.78,2.98,6873.6,299.18,1742.91,4303.58,7571.29,12743.62,19746.96,28588.63,37424.79,47615.95,59380.96,1185.0,713.0,71.0,150.0,150.0,175000000.0
56628,11545.52827563277,0.0190480487442003,869,38.29,0,1500.0,15,324.37,2,715.45,5855.0,49.29,34.11,1945.0,1.15,3.01,5091.3,641.27,1938.48,3308.77,6483.66,11166.51,17379.78,25288.7,36352.08,47461.29,59841.21,813.0,220.0,60.0,222.0,227.0,96600000.0
56648,11741.43725284514,0.0230162875882003,715,28.06,2,583.8,33,53.33,0,1500.0,7261.0,49.46,35.5,2554.0,0.49,2.84,14818.37,831.17,2248.2,5415.67,8830.84,12421.09,18333.83,26873.62,40050.87,55609.19,72307.8,886.0,209.0,37.0,47.0,48.0,138400000.0
56667,11937.255547546903,0.019794144835723,443,68.17,0,1500.0,8,213.82,0,1500.0,12806.0,49.73,33.23,4047.0,1.64,3.16,7808.54,802.83,4204.57,9180.29,14958.85,21608.97,28444.93,35382.34,42634.63,51962.82,62185.14,1675.0,548.0,42.0,86.0,86.0,176263000.0
56670,12124.20652628631,0.0208642453772934,513,35.16,0,1500.0,15,80.08,0,1500.0,6837.0,50.26,33.93,2247.0,1.42,3.04,4814.79,857.75,2209.07,5776.67,10283.36,16313.42,23543.33,31566.7,42486.98,52616.49,65546.96,896.0,327.0,60.0,136.0,139.0,122900000.0
58002,11305.679437316958,0.0261216042462503,359,47.51,0,1500.0,27,76.55,0,1500.0,8800.0,49.98,35.08,3017.0,1.44,2.92,6111.11,1076.68,4005.5,9496.97,16672.57,25323.94,33889.37,44247.62,56364.53,69129.7,82063.44,832.0,361.0,13.0,83.0,83.0,186100000.0
58687,11162.334637276004,0.0207663141577101,529,16.23,0,1500.0,22,20.55,0,1500.0,6554.0,50.08,34.74,2208.0,0.57,2.97,11498.25,819.24,3091.2,6904.3,12108.69,19164.1,26800.76,35396.2,44636.76,53782.27,65239.3,794.0,328.0,56.0,88.0,90.0,141900000.0
58714,11136.542580803514,0.0263064340647618,108,52.39,0,1500.0,3,325.88,0,1500.0,5317.0,50.84,36.7,1926.0,0.85,2.76,6255.29,1352.99,3741.81,8045.0,14382.82,22142.23,32299.57,44806.0,57196.61,70576.79,82644.1,498.0,221.0,0.0,44.0,44.0,158000000.0
32762,12101.398955458671,0.0103368875537994,345,31.53,0,1500.0,4,81.13,0,1500.0,2547.0,50.02,36.55,905.0,2.66,2.81,957.52,481.58,1749.48,4447.85,7867.58,11090.18,14272.68,17300.19,22026.45,27094.32,32474.29,250.0,46.0,157.0,170.0,171.0,162180000.0
36838,11544.76834703648,0.0099062429256825,314,103.22,0,1500.0,11,128.73,0,1500.0,5225.0,49.91,36.06,1840.0,3.94,2.84,1326.14,22.28,1320.63,3649.69,5962.18,8356.33,11627.89,15798.84,21938.95,26339.14,31121.38,554.0,219.0,189.0,207.0,211.0,315000000.0
36937,12290.69065423046,0.0113802659804246,187,14.35,0,1500.0,1,861.36,0,1500.0,3537.0,49.84,36.61,1251.0,4.34,2.83,814.98,721.55,2508.46,4812.3,8026.74,12536.49,17269.5,21784.19,26113.63,30846.77,35752.16,349.0,71.0,216.0,285.0,288.0,276000000.0
37031,11082.108996375762,0.0112362371231242,320,11.42,0,1500.0,7,124.81,1,298.85,4527.0,49.37,35.05,1513.0,2.52,2.99,1796.43,614.4,2268.92,4408.95,7551.14,11137.44,14504.4,18624.67,23724.16,29261.42,35299.68,520.0,150.0,181.0,264.0,270.0,355054000.0
38425,15481.549850484464,0.0089317149274387,244,12.17,0,1500.0,3,146.26,0,1500.0,3061.0,49.17,36.98,1060.0,2.91,2.89,1051.89,528.78,2005.09,3721.79,6187.04,8548.84,11926.02,17161.12,21479.72,25396.16,28059.81,389.0,82.0,267.0,305.0,305.0,112500000.0
41729,15200.967878521198,0.0104203866031431,280,103.15,0,1500.0,5,278.17,1,821.16,3448.0,50.58,36.64,1192.0,3.64,2.89,947.25,383.5,1406.31,2028.38,3630.06,7452.95,11150.87,14871.11,20149.0,26157.14,32736.61,282.0,218.0,250.0,285.0,295.0,38500000.0
43877,11329.737484631843,0.0124419440424066,410,34.43,0,1500.0,4,440.31,0,1500.0,3506.0,49.77,35.48,1185.0,2.39,2.96,1466.95,607.51,2010.84,4557.77,7446.37,11527.41,15504.89,19826.09,25029.73,31172.14,39087.52,399.0,87.0,147.0,214.0,217.0,284220000.0
44790,14195.389214014178,0.0108209477639168,245,146.62,0,1500.0,2,597.72,0,1500.0,3938.0,50.03,36.73,1373.0,3.91,2.87,1007.16,87.75,1031.48,3188.64,5080.56,8038.55,11839.12,17023.26,22660.92,27813.34,33995.01,456.0,97.0,226.0,294.0,300.0,60770000.0
50138,13053.041430501042,0.0090049230181622,192,82.66,0,1500.0,1,808.89,0,1500.0,1905.0,49.24,37.51,677.0,2.5,2.81,762.0,317.8,1188.26,2245.85,4194.79,6292.87,10068.43,14806.94,18754.63,23016.48,28289.8,196.0,73.0,180.0,229.0,235.0,90800000.0
52750,16081.837554942518,0.0078873847542538,177,78.77,0,1500.0,2,302.7,0,1500.0,2890.0,48.86,36.61,1004.0,3.18,2.88,908.81,4.36,905.56,2238.59,4182.67,6517.54,10422.99,13611.52,16343.89,20767.25,24778.95,269.0,82.0,380.0,393.0,395.0,55200000.0
52826,13522.108680820682,0.0110605173335553,438,87.11,0,1500.0,20,279.22,0,1500.0,6188.0,49.55,36.87,2134.0,3.23,2.9,1915.79,259.94,892.96,2525.77,6391.21,9877.46,13901.15,18157.04,23144.6,28891.21,34747.64,727.0,196.0,155.0,215.0,217.0,7277500.0
52884,13508.625841506326,0.0077615504900476,187,85.73,0,1500.0,1,936.59,0,1500.0,3085.0,49.95,36.65,1089.0,4.3,2.83,717.44,60.99,1398.73,3075.84,5588.13,7105.36,9890.58,13540.45,17645.92,20654.36,24383.63,248.0,149.0,179.0,214.0,216.0,83000000.0
52949,12615.860679426734,0.0105446325010172,253,46.36,0,1500.0,4,55.54,0,1500.0,3617.0,49.82,35.63,1233.0,3.91,2.93,925.06,804.23,2961.96,5437.23,9202.0,12819.35,16258.49,21134.55,25818.95,29000.04,33126.94,302.0,171.0,244.0,286.0,289.0,240500000.0
56622,18575.181966535307,0.0074014401496102,87,186.94,0,1500.0,2,916.24,0,1500.0,2883.0,48.94,37.35,999.0,5.54,2.89,520.4,285.26,958.62,1692.83,3874.22,6140.04,7926.11,10487.58,13797.42,17943.11,23252.31,331.0,81.0,308.0,367.0,370.0,60800000.0
56645,17007.733322600612,0.0086398820575877,175,75.15,0,1500.0,2,171.33,0,1500.0,3411.0,48.96,36.64,1146.0,4.89,2.98,697.55,403.76,1461.15,3155.33,4728.94,6797.6,8664.72,12660.68,17930.49,22260.59,27142.99,328.0,111.0,359.0,408.0,423.0,121200000.0
56672,17026.146555168958,0.0071262962670918,102,250.26,0,1500.0,1,550.99,1,807.26,2249.0,48.24,37.72,790.0,5.78,2.85,389.1,0.0,0.0,910.72,2539.85,4913.83,7292.17,10702.93,13537.49,17294.76,22387.92,233.0,83.0,193.0,227.0,228.0,47900000.0
36906,10010.581335948717,0.0199425568201562,758,40.92,0,1500.0,30,292.83,0,1500.0,9467.0,50.16,34.49,3135.0,2.35,3.02,4028.51,686.49,3168.68,7718.96,14397.04,21606.45,28837.36,36307.2,44913.64,53254.36,62651.39,876.0,434.0,181.0,225.0,229.0,0.0
48639,14229.490052072904,0.0081179811682008,174,62.56,0,1500.0,2,141.69,0,1500.0,2109.0,49.83,37.33,748.0,3.64,2.82,579.4,485.26,1679.85,3144.26,4929.32,6656.57,8995.04,13566.85,17574.78,21258.26,25503.39,201.0,109.0,229.0,254.0,264.0,52145000.0
49499,10798.194487296709,0.0087798015342575,278,182.37,0,1500.0,2,338.32,0,1500.0,4512.0,49.71,35.95,1539.0,3.8,2.93,1187.37,193.5,576.75,1842.14,2748.71,3820.43,7423.82,12342.26,16722.54,21406.51,27582.56,374.0,150.0,329.0,349.0,357.0,399200000.0
50292,12318.478300049706,0.0080727938967581,238,51.45,0,1500.0,2,907.17,0,1500.0,7514.0,49.84,35.82,2645.0,6.93,2.84,1084.27,341.53,782.81,2003.56,4604.74,6938.96,9365.74,12660.26,17800.87,21783.85,25361.43,694.0,297.0,582.0,720.0,722.0,155000000.0
55399,10379.176424499336,0.01070014916211,437,22.72,0,1500.0,10,105.09,0,1500.0,6842.0,50.39,35.82,2290.0,3.75,2.99,1824.53,408.21,1670.16,3830.44,7647.11,11344.77,14686.82,17998.25,21530.6,26274.99,33615.51,625.0,473.0,483.0,561.0,578.0,433450000.0
58658,10074.189749322284,0.0104693872270222,188,22.81,0,1500.0,5,387.22,0,1500.0,5445.0,50.51,34.38,1812.0,3.73,3.0,1459.79,645.81,1718.7,3104.35,5398.57,7411.05,9176.7,12821.95,16988.26,23358.07,32890.55,404.0,353.0,305.0,346.0,361.0,278200000.0
63262,10511.518849140137,0.0106228444231514,387,47.57,1,806.23,8,64.56,0,1500.0,6201.0,48.8,34.51,2064.0,2.22,3.0,2793.24,942.33,2900.04,5495.74,8611.94,12201.29,14730.01,18353.85,22327.9,27670.1,33372.65,638.0,319.0,248.0,330.0,333.0,234400000.0
65294,15922.198275939116,0.0062673879688066,145,7.39,0,1500.0,3,513.93,0,1500.0,2650.0,49.47,36.49,906.0,3.61,2.92,734.07,336.46,1049.23,2351.05,3769.32,5885.44,7808.61,9690.59,11877.64,15086.2,19689.58,231.0,111.0,253.0,280.0,281.0,89400000.0
65371,11524.620325012913,0.0,495,12.14,0,1500.0,16,189.8,0,1500.0,8055.0,50.4,35.42,2692.0,3.99,2.99,2018.8,792.96,2019.3,3634.19,5710.92,9206.07,13185.92,18321.14,23272.49,27980.31,35363.21,582.0,468.0,302.0,418.0,420.0,525000000.0
65373,12257.182136130545,0.0059541392098131,162,60.82,0,1500.0,5,590.18,0,1500.0,2271.0,50.11,37.2,816.0,3.66,2.78,620.49,0.0,461.43,1368.98,2177.18,3196.09,4795.1,6877.1,9664.55,12989.08,18705.48,236.0,73.0,170.0,187.0,190.0,71000000.0
65380,14118.69306796604,0.0067707345749279,119,105.56,0,1500.0,2,803.21,0,1500.0,3211.0,48.86,35.87,1078.0,4.09,2.98,785.09,23.33,495.3,1179.68,2223.33,4367.25,6773.54,10459.52,14180.71,17969.11,21270.89,430.0,79.0,306.0,360.0,378.0,48000000.0
65381,15948.440797234322,0.0081510185512878,103,140.32,0,1500.0,2,354.89,0,1500.0,2475.0,50.02,36.65,851.0,3.04,2.91,814.14,114.67,454.28,1797.79,3787.34,5878.56,7519.21,9519.53,12347.43,17988.28,25607.18,267.0,78.0,275.0,304.0,310.0,91300000.0
69987,15878.821635594042,0.0063163790433891,84,133.1,0,1500.0,1,248.64,0,1500.0,2285.0,49.72,37.77,810.0,3.86,2.82,591.97,692.54,1974.83,3931.89,5714.89,8058.9,10457.97,12646.24,14999.65,17258.15,19843.49,232.0,56.0,263.0,275.0,278.0,75480000.0
70912,14700.31665743786,0.004518084158295,47,17.36,0,1500.0,2,181.53,0,1500.0,2279.0,50.59,38.64,806.0,4.1,2.83,555.85,531.13,1785.03,3013.79,3875.49,4663.98,5431.38,7259.56,8509.29,11532.05,14193.98,178.0,100.0,242.0,272.0,274.0,92300000.0
41703,18363.290263333463,0.0146750215841381,650,29.62,0,1500.0,27,220.13,0,1500.0,4075.0,51.09,35.06,1437.0,1.2,2.84,3395.83,682.29,2476.2,4640.12,8747.17,12486.03,18914.9,24971.78,31603.81,39061.38,46102.94,363.0,235.0,39.0,81.0,82.0,215440000.0
47610,16510.251918054277,0.0231228832028855,893,51.23,0,1500.0,42,52.67,0,1500.0,14980.0,50.91,35.71,5341.0,1.33,2.8,11263.16,555.05,2688.26,5856.93,10974.0,17511.62,25505.96,35739.06,47499.02,59511.94,72642.68,1379.0,763.0,2.0,75.0,75.0,0.0
52844,15524.955245818195,0.0229824671627932,700,46.65,0,1500.0,24,232.69,0,1500.0,10805.0,50.75,35.08,3730.0,1.2,2.9,9004.17,652.35,2614.7,6151.77,10976.24,16808.37,25733.19,35325.3,45830.74,59496.24,72201.55,811.0,803.0,10.0,66.0,66.0,0.0
55315,17060.260350225428,0.0235720311846863,403,79.19,0,1500.0,21,257.35,1,750.4,14762.0,50.33,33.21,4886.0,2.87,3.02,5143.55,696.25,3009.39,7032.35,11981.38,19909.59,28327.39,38256.54,49812.87,61952.58,74053.72,1272.0,987.0,68.0,145.0,146.0,312200000.0
55338,17623.741836105764,0.0205037053185096,516,51.79,0,1500.0,23,84.09,0,1500.0,5896.0,51.41,35.35,2088.0,1.18,2.82,4996.61,631.65,2245.01,4541.35,8657.67,14532.15,20957.93,28631.29,39241.06,51629.68,64414.29,575.0,373.0,28.0,146.0,155.0,167250000.0
55458,14588.264911504191,0.0208316536280471,735,39.84,0,1500.0,23,419.65,0,1500.0,11737.0,50.16,33.65,3916.0,1.91,3.0,6145.03,1220.34,4063.78,9193.13,15544.66,22430.84,29463.86,36047.87,42671.34,52749.75,65444.57,1392.0,965.0,63.0,121.0,121.0,230092500.0
55475,18230.313979792445,0.0190733671125473,218,166.96,0,1500.0,7,272.08,0,1500.0,5117.0,51.24,35.41,1822.0,1.32,2.81,3876.52,758.21,2975.41,6390.59,11207.3,15410.55,20083.82,28772.06,38252.88,49069.5,59920.75,476.0,343.0,13.0,58.0,58.0,267935000.0
58700,16545.827887188527,0.0207549855088608,416,47.8,0,1500.0,13,100.91,1,876.2,7455.0,51.8,35.45,2642.0,1.32,2.82,5647.73,420.12,2012.4,5470.23,10971.34,17581.11,24508.3,33049.29,41900.64,52926.37,65203.71,644.0,568.0,23.0,45.0,45.0,148400000.0
60354,15404.169579975269,0.0,680,46.15,0,1500.0,14,63.65,1,750.68,,,,,,,,637.59,2708.37,7141.93,10701.53,14881.34,20640.76,26044.17,31731.44,40355.68,49163.95,,,,,,
65290,14905.81999768768,0.0223620652791267,650,17.74,0,1500.0,24,40.95,0,1500.0,7907.0,51.41,35.0,2675.0,2.78,2.96,2844.24,794.38,2968.06,6322.69,10715.71,16411.78,24213.64,31965.99,42045.91,53951.42,70252.5,649.0,582.0,40.0,78.0,78.0,518150000.0
65376,15813.337784915297,0.0237467101009273,694,79.85,0,1500.0,16,273.41,0,1500.0,6856.0,49.8,34.7,2286.0,1.91,3.0,3589.53,942.58,3801.24,8140.87,14334.02,22901.05,32210.94,42441.45,51838.16,62137.28,74602.49,619.0,426.0,5.0,36.0,36.0,269900000.0
65377,14102.362402809766,0.0275987435547782,705,26.03,0,1500.0,25,112.99,0,1500.0,17510.0,50.33,36.02,6073.0,2.09,2.88,8377.99,1418.55,4178.04,8152.79,14295.21,21345.75,30137.42,41174.41,54023.24,69178.58,86704.01,1414.0,1174.0,8.0,120.0,120.0,325000000.0
47626,11539.875119464688,0.0102326665308651,275,152.38,0,1500.0,2,641.84,0,1500.0,5211.0,50.12,34.28,1651.0,2.94,3.16,1772.45,0.0,567.76,2038.2,3437.71,6409.49,11527.36,17143.5,21598.15,26711.72,32146.87,562.0,275.0,472.0,699.0,713.0,255600000.0
47665,11231.880810457462,0.0119421338591208,375,166.67,0,1500.0,5,501.06,1,455.61,4281.0,49.71,35.01,1479.0,1.83,2.89,2339.34,196.9,998.19,2269.2,5136.94,8676.17,12662.29,17743.89,24075.68,29850.19,37517.32,533.0,220.0,228.0,384.0,384.0,452400000.0
48921,10599.799894675274,0.0152157314046996,160,285.0,0,1500.0,1,968.4,0,1500.0,3613.0,49.65,34.22,1201.0,1.93,3.01,1872.02,199.76,1092.26,2427.68,4520.64,7346.63,12795.98,19699.51,27769.94,37452.06,47801.63,531.0,133.0,176.0,449.0,456.0,319700000.0
49367,10669.11941813707,0.0152155817990531,362,11.56,0,1500.0,4,271.55,0,1500.0,3520.0,50.54,34.65,1186.0,1.7,2.97,2070.59,775.04,2027.11,3754.84,6583.79,11645.99,17338.47,23568.27,31540.47,40370.92,47801.16,333.0,235.0,224.0,299.0,301.0,334000000.0
52707,11287.392921789193,0.0125637294048605,212,128.72,0,1500.0,4,482.43,0,1500.0,6174.0,50.39,35.11,2091.0,3.03,2.95,2037.62,684.02,2012.29,4284.87,7880.02,12498.23,17405.87,21073.44,26484.31,32766.98,39470.12,658.0,354.0,555.0,701.0,719.0,267200000.0
52931,10584.974865215008,0.0163977878994386,67,174.94,0,1500.0,0,1500.0,0,1500.0,3955.0,49.38,35.0,1344.0,1.53,2.94,2584.97,572.73,1839.85,3806.34,7987.12,13910.62,20840.09,29310.97,36354.71,43920.51,51515.17,442.0,280.0,189.0,441.0,453.0,427750000.0
55293,12796.311349386277,0.0131920126413089,625,224.47,0,1500.0,19,486.03,0,1500.0,6660.0,49.65,33.66,2117.0,2.24,3.15,2973.21,163.46,587.82,1708.79,3865.03,8625.15,14306.43,20833.75,27968.16,34511.62,41443.93,560.0,295.0,166.0,232.0,235.0,314000000.0
56002,12333.111970682809,0.0117182983471564,500,95.59,0,1500.0,11,200.53,0,1500.0,11338.0,49.39,33.67,3672.0,4.4,3.09,2576.82,73.58,1470.86,3749.19,6945.49,9963.56,13974.15,18155.12,23710.66,29587.51,36814.12,1269.0,632.0,636.0,1178.0,1200.0,276602000.0
57897,14137.680674145333,0.0049226210095471,98,33.43,0,1500.0,1,961.93,0,1500.0,4135.0,49.63,35.45,1342.0,6.09,3.08,678.98,362.59,1156.45,2697.41,5502.59,8010.68,9706.45,10837.28,12146.04,13417.83,15464.87,516.0,176.0,413.0,586.0,628.0,106500000.0
58577,15157.272246310366,0.005516173454314,133,266.33,0,1500.0,1,641.6,0,1500.0,4257.0,50.48,34.8,1446.0,3.22,2.94,1322.05,195.3,358.12,459.72,1385.78,2383.2,5129.05,8924.81,11791.97,14346.44,17329.57,497.0,211.0,193.0,377.0,380.0,270268000.0
58587,15656.503559823112,0.0058653466670622,130,153.11,0,1500.0,0,1500.0,0,1500.0,3622.0,51.41,36.63,1233.0,5.0,2.94,724.4,193.82,544.3,1447.67,2696.52,5754.04,7938.21,9923.05,12833.21,15474.8,18426.53,366.0,192.0,519.0,687.0,703.0,72200000.0
58637,11500.561914182048,0.0105452945855805,351,76.48,0,1500.0,9,313.56,0,1500.0,4904.0,50.14,36.47,1684.0,3.8,2.91,1290.53,0.0,1587.95,3351.66,5102.23,6555.53,8244.3,12302.32,17059.34,24867.81,33129.02,473.0,149.0,358.0,407.0,409.0,212750000.0
58657,14634.87745239672,0.0083818600638471,198,42.63,0,1500.0,3,381.48,0,1500.0,8556.0,49.46,34.36,2806.0,8.21,3.05,1042.14,537.96,1500.84,3251.34,5913.95,8997.56,12242.14,16084.76,19038.03,22883.02,26332.39,1049.0,396.0,608.0,1169.0,1192.0,78928000.0
58675,13751.879533400152,0.0104504573380909,472,98.05,0,1500.0,6,544.63,0,1500.0,5288.0,50.08,35.14,1806.0,2.19,2.93,2414.61,166.83,1342.4,2560.18,4295.06,6383.27,9161.07,13977.5,19464.88,26553.83,32831.08,634.0,200.0,222.0,424.0,436.0,431984500.0
58729,11770.247946373482,0.0120609907706218,288,224.22,0,1500.0,13,355.37,0,1500.0,5342.0,49.78,34.9,1781.0,3.34,3.0,1599.4,174.26,570.82,2282.17,5830.63,9026.89,13886.09,19622.29,25543.62,32370.59,37890.72,552.0,240.0,442.0,568.0,573.0,284920000.0
58738,13214.496750709886,0.0060873773619719,115,364.87,0,1500.0,0,1500.0,0,1500.0,3143.0,49.6,36.27,1104.0,6.14,2.85,511.89,187.29,493.75,830.29,1431.48,2720.32,4496.98,7074.55,9833.87,13274.34,19124.06,420.0,121.0,327.0,427.0,436.0,104850000.0
61789,16165.537822726188,0.0055456553159723,162,281.21,0,1500.0,3,393.75,1,291.76,5084.0,50.39,35.19,1709.0,4.31,2.97,1179.58,323.11,747.94,1084.9,1632.75,3244.3,5546.57,7539.75,10853.94,14410.18,17422.19,702.0,190.0,388.0,613.0,629.0,386920000.0
49354,11907.72465471426,0.0115237537109186,244,1.1,0,1500.0,4,98.97,0,1500.0,2803.0,48.95,37.06,1005.0,3.12,2.79,898.4,826.85,2363.04,5627.41,9316.12,13104.16,17673.26,22035.89,26639.96,31721.11,36202.94,265.0,111.0,138.0,438.0,443.0,125500000.0
49492,12373.88144611597,0.0110764773912485,356,178.79,0,1500.0,4,614.26,1,668.43,,,,,,,,0.0,215.49,1573.06,3804.16,6631.85,11150.33,15968.18,21870.93,28083.71,34797.78,335.0,207.0,308.0,585.0,589.0,150941200.0
50814,13147.907051247212,0.0097812012530929,167,108.35,0,1500.0,7,256.64,0,1500.0,2646.0,49.7,37.61,953.0,2.46,2.78,1075.61,290.1,1292.84,2881.97,5479.8,8794.21,12414.01,16175.54,21012.16,26207.61,30728.55,226.0,58.0,241.0,535.0,548.0,77750000.0
52667,14944.695890561186,0.0047532005726257,68,86.41,0,1500.0,1,448.26,0,1500.0,2864.0,49.72,37.49,1007.0,6.74,2.84,424.93,386.93,1217.67,2098.63,2839.58,4129.54,6021.54,8418.71,10529.36,12041.63,14932.62,295.0,105.0,204.0,487.0,490.0,34100000.0
52876,17465.01488956651,0.0051447471974227,140,124.57,1,224.63,1,754.67,0,1500.0,2938.0,49.12,38.81,1096.0,4.24,2.68,692.92,80.7,343.68,1414.26,2666.75,4345.39,6187.53,8059.94,10234.14,13263.65,16162.7,207.0,76.0,224.0,339.0,348.0,70200000.0
52888,13950.347421140095,0.0044451784619634,82,160.93,0,1500.0,0,1500.0,0,1500.0,2340.0,49.91,37.19,825.0,3.69,2.84,634.15,0.0,0.0,70.41,488.22,971.79,2434.41,4500.67,6777.89,10056.54,13964.94,241.0,78.0,227.0,310.0,318.0,264100000.0
52908,15761.55392856515,0.005384759217803,116,59.76,0,1500.0,2,697.81,0,1500.0,3126.0,48.21,37.73,1149.0,6.36,2.72,491.51,589.23,1299.53,1913.94,3129.13,4926.69,6762.66,9334.06,11703.59,14490.72,16916.72,277.0,79.0,190.0,491.0,499.0,63775000.0
52910,12624.174071534308,0.012204749064519,337,88.31,0,1500.0,7,191.8,1,755.42,4291.0,48.75,37.58,1532.0,3.77,2.8,1138.2,548.32,2324.78,5018.97,9256.18,14141.81,19347.99,24749.89,29562.38,33857.31,38342.35,292.0,182.0,337.0,712.0,722.0,163300000.0
52912,14874.493244543415,0.0062921970413358,208,38.05,0,1500.0,1,193.3,0,1500.0,3353.0,49.54,38.28,1225.0,3.71,2.74,903.77,571.52,1654.46,3090.08,4154.48,6526.34,9334.07,11179.19,13803.3,16859.27,19767.52,229.0,183.0,197.0,398.0,400.0,59400000.0
57821,14742.159305549372,0.0,157,12.32,0,1500.0,1,606.48,0,1500.0,2564.0,48.79,38.09,923.0,8.67,2.78,295.73,450.91,2114.96,4262.4,6771.87,9027.98,11692.51,13831.28,16393.31,18897.88,21267.19,236.0,59.0,215.0,479.0,482.0,87850000.0
61945,13764.885070769542,0.0090243590198125,287,29.42,0,1500.0,9,243.29,0,1500.0,3289.0,49.83,37.71,1172.0,5.72,2.81,575.0,377.44,2151.01,4411.21,7407.57,11199.8,14482.0,16795.64,19608.32,23231.31,28350.86,233.0,134.0,227.0,576.0,595.0,79500000.0
62232,13596.172295268649,0.0089621835497443,155,96.9,0,1500.0,1,533.42,0,1500.0,3021.0,50.35,37.9,1077.0,3.15,2.81,959.05,249.52,1029.82,2746.22,5997.37,9576.76,12612.74,15990.82,19554.35,24074.15,28155.53,206.0,149.0,248.0,388.0,398.0,90000000.0
49512,17515.81174290353,0.0105756390670304,332,57.79,0,1500.0,8,390.97,1,670.31,4693.0,51.57,37.95,1681.0,3.38,2.79,1388.46,0.0,281.86,1166.08,2386.08,4140.6,7274.83,12350.07,18464.64,25372.79,33224.35,420.0,165.0,712.0,849.0,854.0,363200000.0
49694,16076.0588892972,0.0119776413269246,438,9.76,0,1500.0,3,622.1,0,1500.0,5426.0,49.72,36.07,1872.0,3.7,2.9,1466.49,275.0,767.62,2051.28,4934.94,9191.89,14062.37,19611.7,24902.23,31327.96,37628.87,330.0,281.0,300.0,696.0,698.0,96000000.0
52720,18072.091735930364,0.010861583203987,296,218.9,0,1500.0,6,290.08,1,863.18,3877.0,50.27,38.34,1396.0,2.79,2.78,1389.61,0.0,253.92,1098.35,3309.54,6500.11,10835.02,15437.17,21863.13,28641.25,34122.67,349.0,128.0,591.0,697.0,702.0,336000000.0
52817,15403.530330199934,0.0066158768152995,221,326.7,0,1500.0,11,727.45,0,1500.0,4159.0,49.7,37.77,1491.0,3.14,2.79,1324.52,0.0,341.68,723.96,1505.53,2423.8,3375.47,5160.29,8737.67,14195.96,20784.39,363.0,162.0,525.0,660.0,669.0,450080000.0
52926,16916.24474584483,0.010434236266291,75,120.27,0,1500.0,0,1500.0,0,1500.0,3800.0,49.66,37.93,1364.0,2.92,2.79,1301.37,196.43,510.61,1189.67,2079.56,3759.28,6542.35,10992.93,17925.72,25813.55,32780.12,394.0,119.0,497.0,623.0,628.0,218080000.0
52953,16543.049268539446,0.0067075214146306,167,129.33,0,1500.0,0,1500.0,0,1500.0,4337.0,50.15,36.98,1551.0,5.57,2.8,778.64,0.0,83.71,755.49,2153.38,4191.58,6533.01,9719.03,13846.66,17289.99,21072.3,454.0,113.0,355.0,800.0,809.0,62200000.0
52961,18678.32462213147,0.0097162214729273,327,72.1,0,1500.0,3,72.1,0,1500.0,5418.0,49.85,36.91,1891.0,3.21,2.87,1687.85,0.0,743.63,1945.75,3539.09,6184.01,9426.19,12926.65,18541.77,24949.53,30524.41,672.0,137.0,440.0,862.0,881.0,107600000.0
56593,20114.186477748342,0.0117190622908832,310,21.18,0,1500.0,7,404.38,0,1500.0,4625.0,50.14,37.66,1678.0,3.34,2.76,1384.73,754.5,3103.34,5972.14,10266.24,13863.22,17467.05,21910.86,27091.25,31935.32,36816.52,505.0,191.0,698.0,830.0,842.0,223820000.0
56620,19195.577426037347,0.0,229,247.83,0,1500.0,8,300.31,0,1500.0,3306.0,50.64,38.28,1240.0,2.11,2.67,1566.82,330.74,677.08,1233.51,1784.63,2656.96,3747.53,6435.6,10967.44,16250.6,22778.5,357.0,104.0,413.0,574.0,581.0,289000000.0
56629,19054.71575200592,0.0112529292935557,326,12.23,0,1500.0,3,344.25,0,1500.0,3652.0,49.37,37.12,1269.0,2.61,2.88,1399.23,620.3,2671.74,5175.94,7663.01,10234.49,14561.42,18361.13,24410.57,29679.17,35352.12,357.0,81.0,420.0,593.0,593.0,335650000.0
60425,17582.67489952089,0.009639970339692,337,106.02,0,1500.0,5,205.1,0,1500.0,5339.0,50.05,36.91,1814.0,3.05,2.94,1750.49,113.85,635.13,959.56,1385.04,2972.33,7150.3,12105.15,16638.07,22484.91,30284.86,544.0,146.0,531.0,1004.0,1014.0,117400000.0
61546,19018.4350684986,0.0100946696459078,249,36.51,0,1500.0,1,521.05,0,1500.0,3366.0,50.21,38.38,1214.0,2.26,2.77,1489.38,699.56,2098.31,3850.87,6672.45,9486.52,12852.31,15593.26,19789.52,25240.56,31713.34,372.0,121.0,537.0,737.0,741.0,153400000.0
65389,15294.632125518036,0.0108076328613777,254,75.09,0,1500.0,1,799.06,0,1500.0,5858.0,50.41,37.94,2149.0,4.75,2.73,1233.26,225.78,1043.18,2595.68,4601.81,7198.52,11474.02,15854.07,20606.98,26587.69,33953.18,619.0,227.0,518.0,921.0,928.0,313175000.0
50642,12614.371535158503,0.0171641062180306,681,40.73,0,1500.0,12,206.52,0,1500.0,6080.0,50.44,35.39,2107.0,2.08,2.89,2923.08,651.35,2688.22,5924.37,9270.04,14295.36,20527.01,27910.72,35808.84,44334.33,53922.63,688.0,332.0,183.0,294.0,294.0,428800000.0
51937,15313.353954963432,0.0224422634549507,884,29.4,0,1500.0,20,155.99,0,1500.0,5792.0,49.72,36.04,1984.0,1.68,2.92,3447.62,705.34,3597.39,8077.59,14524.13,22124.9,30985.81,41214.57,49923.23,59008.4,70504.45,741.0,276.0,58.0,105.0,106.0,304600000.0
52974,15229.700030124724,0.0148056941586143,604,27.41,0,1500.0,10,47.23,1,223.22,5130.0,50.97,35.08,1717.0,2.31,2.99,2220.78,594.18,1967.66,3802.75,6418.23,10270.48,15754.91,23351.5,30014.72,37434.16,46513.46,619.0,365.0,178.0,242.0,248.0,360600000.0
55321,11641.808010981244,0.0120383875856039,426,75.0,0,1500.0,8,254.37,0,1500.0,5458.0,49.62,35.01,1855.0,2.24,2.94,2436.61,334.37,1412.33,3095.93,5370.74,7985.95,12260.42,17149.43,24606.63,30874.79,37819.71,582.0,412.0,176.0,231.0,231.0,488400000.0
55502,11102.130822399831,0.0073538432723291,139,36.81,0,1500.0,2,36.81,0,1500.0,2216.0,49.05,36.2,780.0,1.83,2.84,1210.93,286.03,1034.94,2185.66,4089.64,6132.98,8030.67,9883.12,12655.45,16721.99,23102.78,303.0,132.0,126.0,159.0,164.0,541200000.0
56632,14067.903351970106,0.0,545,181.5,1,565.24,8,427.78,0,1500.0,7978.0,50.31,34.75,2713.0,3.42,2.94,2332.75,198.29,398.95,978.7,3744.87,7879.08,13225.92,20750.6,28098.99,37097.91,46767.84,1140.0,398.0,260.0,347.0,352.0,568580000.0
56654,14091.671211527557,0.0132209056296778,323,50.84,0,1500.0,6,148.71,0,1500.0,3678.0,51.47,35.32,1276.0,1.92,2.88,1915.62,650.0,2556.55,5293.49,7928.48,10460.11,13853.62,19332.58,25190.36,33383.61,41534.7,379.0,233.0,247.0,318.0,322.0,196500000.0
56685,13020.155197295797,0.0131384060733767,567,49.7,0,1500.0,6,488.41,0,1500.0,5779.0,51.1,34.6,1993.0,2.35,2.9,2459.15,628.5,2380.7,4030.11,6676.79,9994.64,13727.09,18249.51,25185.68,31899.46,41275.52,856.0,252.0,132.0,177.0,180.0,291260000.0
56711,12996.317026338136,0.0116047317459637,161,40.66,0,1500.0,1,986.12,0,1500.0,4648.0,49.76,35.28,1579.0,1.83,2.94,2539.89,545.51,1808.09,3518.0,5447.17,8760.52,14256.66,19863.19,24957.77,31090.62,36457.34,554.0,182.0,186.0,200.0,206.0,74400000.0
58641,12605.763585701186,0.0126450989610657,527,103.03,0,1500.0,7,392.44,1,729.26,5646.0,50.25,34.62,1955.0,2.29,2.89,2465.5,269.05,1237.87,3472.95,5396.39,7833.58,11206.69,15926.72,22635.89,30929.4,39725.75,974.0,270.0,157.0,178.0,187.0,279270000.0
60578,14196.10641226136,0.0141236993119712,542,227.1,0,1500.0,15,256.0,0,1500.0,14873.0,49.01,33.75,5160.0,4.07,2.88,3654.3,97.43,221.99,1263.34,2942.85,5713.25,9381.74,15882.6,23786.72,33918.46,44370.91,1570.0,1085.0,142.0,253.0,256.0,382000000.0
63301,13189.299350181414,0.014229842926618,547,43.03,0,1500.0,4,576.48,0,1500.0,6689.0,49.83,34.8,2303.0,2.02,2.9,3311.39,651.91,2693.05,5488.66,8654.76,12735.09,17686.48,23694.68,30627.01,37252.02,44704.37,1076.0,309.0,69.0,158.0,161.0,341600000.0
52742,11656.99130692734,0.0091343191699947,341,44.88,0,1500.0,5,143.04,0,1500.0,4215.0,50.27,36.5,1497.0,3.63,2.82,1161.16,467.06,1632.0,3896.27,6437.64,9723.35,13334.49,16923.67,20480.62,24678.73,28696.31,407.0,140.0,346.0,480.0,482.0,286700000.0
52773,14138.544600795944,0.0064412933920242,150,208.18,0,1500.0,0,1500.0,0,1500.0,3511.0,49.16,38.36,1296.0,4.38,2.71,801.6,23.93,297.14,780.75,1768.64,3685.01,7404.57,11467.37,14303.76,16991.79,20235.92,232.0,222.0,169.0,487.0,488.0,71000000.0
52821,12650.716144023738,0.0,491,82.51,0,1500.0,26,205.41,0,1500.0,5848.0,49.95,36.24,2064.0,4.05,2.83,1443.95,938.55,3156.15,5822.99,9952.36,14382.9,20328.58,25612.48,30555.41,36364.78,43286.3,497.0,330.0,340.0,499.0,503.0,190750000.0
52914,13818.410769560523,0.0112582864489401,358,15.33,0,1500.0,3,732.26,0,1500.0,4534.0,49.87,37.54,1659.0,4.74,2.73,956.54,279.59,1255.71,3108.54,5153.97,7832.17,11318.5,16342.02,21715.98,28480.28,35368.95,371.0,210.0,431.0,646.0,649.0,323000000.0
55330,13183.594097782105,0.0059422758003551,236,244.26,0,1500.0,6,335.86,1,806.27,4034.0,49.7,36.82,1418.0,3.12,2.84,1292.95,0.0,25.42,761.32,1682.42,3589.04,7069.08,10497.29,13931.76,16657.36,18668.21,390.0,160.0,374.0,420.0,438.0,169520000.0
55403,11468.747593539623,0.0,286,167.02,0,1500.0,8,828.5,0,1500.0,4624.0,49.87,35.44,1587.0,3.26,2.91,1418.4,0.0,273.82,1211.68,2411.81,4332.03,7337.72,11325.72,15690.86,22518.66,30725.9,380.0,199.0,210.0,354.0,356.0,95100000.0
55551,14340.67527451,0.0,397,23.93,0,1500.0,4,339.07,0,1500.0,6357.0,49.25,36.56,2213.0,4.63,2.87,1373.0,627.32,1708.01,3878.17,7090.07,11386.86,16573.54,22339.51,28125.44,33876.76,40552.62,580.0,272.0,294.0,467.0,467.0,244800000.0
62586,11399.36838985558,0.0111530436512712,297,104.86,0,1500.0,2,376.76,1,464.31,3910.0,49.92,35.49,1358.0,4.39,2.88,890.66,278.86,1434.83,3458.29,6414.55,9482.92,12957.7,17002.84,22760.95,29054.77,35038.32,379.0,166.0,227.0,442.0,442.0,51880000.0
63446,11225.69559189082,0.0111848905553839,331,160.37,0,1500.0,8,452.75,0,1500.0,4431.0,50.53,35.44,1470.0,3.11,3.01,1424.76,144.45,643.2,1465.84,4037.87,7515.64,12212.66,16212.28,20936.39,27951.38,35138.37,325.0,297.0,249.0,386.0,387.0,214500000.0
65223,12257.988652676093,0.013358743359692,254,337.97,0,1500.0,4,403.8,0,1500.0,5114.0,50.25,36.17,1778.0,2.69,2.88,1901.12,0.0,249.73,1303.26,4008.43,7631.63,11893.16,17278.1,23401.93,31526.37,41967.73,292.0,344.0,207.0,308.0,313.0,155500000.0
69989,12241.354672882564,0.0,98,71.41,0,1500.0,1,998.9,0,1500.0,5600.0,49.39,37.42,2007.0,3.16,2.79,1772.15,267.46,785.74,1230.6,2051.57,3550.73,4939.51,7726.93,10624.02,13984.43,19495.38,426.0,266.0,443.0,614.0,656.0,265500000.0
55271,16684.77276024209,0.0129738748763072,562,12.18,0,1500.0,10,128.87,0,1500.0,1895.0,50.87,35.52,687.0,1.02,2.76,1857.84,693.34,1888.53,5582.6,9385.57,14185.86,18306.94,22002.16,28216.27,33826.68,40758.63,221.0,96.0,74.0,110.0,114.0,66600000.0
58150,15573.872485002015,0.0103840387972398,385,36.64,0,1500.0,7,213.7,1,501.36,1964.0,50.2,36.38,724.0,0.95,2.71,2067.37,229.28,1339.31,3083.0,5323.91,8758.6,11683.93,15612.35,19409.92,25964.73,32622.42,223.0,99.0,129.0,179.0,180.0,109310000.0
58609,15542.853992346643,0.0118808050933498,286,145.31,0,1500.0,5,365.15,0,1500.0,2063.0,49.93,36.03,716.0,0.91,2.88,2267.03,528.93,2059.21,4247.88,6801.24,10422.16,14473.12,18438.86,24270.24,30103.56,37324.65,249.0,82.0,138.0,185.0,195.0,128600000.0
58668,14556.9881756498,0.0132631421684756,553,38.28,0,1500.0,21,385.75,3,278.14,3946.0,49.97,34.67,1394.0,1.27,2.83,3107.09,0.0,569.67,1832.82,4059.96,7334.73,11537.05,17457.79,24391.17,33020.54,41667.39,437.0,243.0,82.0,202.0,204.0,134850000.0
62137,16532.023044601283,0.0141382556230664,380,134.61,0,1500.0,10,605.03,0,1500.0,2479.0,50.3,35.8,891.0,0.95,2.78,2609.47,199.38,912.28,2059.13,4839.01,9351.7,14661.21,21334.29,28773.38,36665.66,44416.64,260.0,140.0,90.0,154.0,164.0,161000000.0
62767,12703.642560367143,0.0164999653729036,723,101.04,1,749.78,13,201.22,0,1500.0,2710.0,48.34,34.76,960.0,1.15,2.82,2356.52,199.7,528.4,2570.31,6901.14,10891.68,17596.23,24240.08,33080.29,42272.71,51836.17,294.0,137.0,68.0,112.0,112.0,220900000.0
63271,15919.84257200671,0.0133705876705569,397,125.82,0,1500.0,4,244.88,0,1500.0,4710.0,50.02,35.04,1599.0,1.26,2.95,3738.1,0.0,909.8,2820.52,5833.81,10249.27,14960.02,20294.9,26563.0,33613.7,42004.94,518.0,232.0,108.0,211.0,218.0,201000000.0
65157,12609.970585301788,0.0141992756282478,468,41.09,0,1500.0,14,495.41,1,649.67,3919.0,49.48,34.57,1364.0,1.42,2.87,2759.86,173.58,716.99,1794.83,4388.84,7518.43,11854.69,17655.41,25308.94,35195.64,44608.34,406.0,183.0,120.0,322.0,338.0,142750000.0
65311,12827.32840902741,0.0115800913776742,232,156.86,0,1500.0,4,158.05,0,1500.0,5222.0,49.83,35.16,1821.0,1.9,2.87,2748.42,295.05,979.22,2667.71,5017.56,9070.83,13283.0,17874.75,22306.91,28769.74,36379.93,552.0,313.0,160.0,262.0,268.0,240600000.0
65369,13453.164764999943,0.0151885127263321,425,19.98,0,1500.0,13,197.44,0,1500.0,3205.0,49.77,34.48,1104.0,1.24,2.9,2584.68,476.25,2186.9,5310.04,8517.65,11976.02,15721.93,21472.32,27709.78,37559.71,47716.12,301.0,218.0,84.0,170.0,172.0,254570000.0
65370,14554.519444808202,0.0155538719967927,294,93.85,0,1500.0,6,344.05,0,1500.0,8115.0,50.13,34.74,2792.0,2.47,2.91,3285.43,375.59,1333.62,2772.99,5686.46,8920.74,13688.15,19829.87,27168.39,37304.76,48863.93,893.0,423.0,145.0,275.0,279.0,258230000.0
65383,16403.338403238547,0.0135708937157346,147,51.13,0,1500.0,8,538.0,1,247.31,3499.0,49.53,34.77,1189.0,0.95,2.94,3683.16,787.51,1999.0,4114.91,7962.4,12485.53,17870.05,21769.85,28107.72,35484.68,42634.22,370.0,131.0,56.0,112.0,112.0,125500000.0
69441,14855.2797735637,0.0105410865288851,108,343.49,0,1500.0,2,759.66,0,1500.0,5885.0,50.43,35.51,2089.0,2.27,2.82,2592.51,692.78,1999.37,3453.22,5299.23,7180.46,10482.34,14309.05,18824.73,26229.47,33115.8,623.0,250.0,164.0,313.0,329.0,510460000.0
56364,11083.869741311262,0.0,586,40.36,0,1500.0,15,453.09,0,1500.0,2942.0,49.83,35.35,1004.0,1.24,2.93,2372.58,149.66,611.93,2088.8,4554.61,7438.06,12156.14,18339.91,24837.04,33090.69,43532.14,392.0,123.0,54.0,73.0,78.0,244000000.0
61833,11011.83928147967,0.0165282026429069,295,86.64,0,1500.0,15,203.57,0,1500.0,4455.0,48.96,35.49,1575.0,2.7,2.83,1650.0,322.02,964.74,3858.42,7640.74,12500.64,18998.16,24749.66,30415.19,39756.53,51924.88,430.0,234.0,118.0,141.0,158.0,317950000.0
62163,11787.42506869438,0.0156245877211073,666,38.0,0,1500.0,19,179.44,0,1500.0,5384.0,49.85,34.57,1897.0,1.41,2.84,3818.44,685.42,2687.47,6593.28,10303.51,14430.7,20917.53,26296.37,32553.29,40025.15,49086.09,447.0,311.0,73.0,125.0,125.0,66135000.0
62306,13149.38512040104,0.0192006305881425,524,27.1,0,1500.0,9,715.21,0,1500.0,7138.0,49.93,33.54,2378.0,1.72,3.0,4150.0,602.69,2321.66,4467.44,7870.57,13991.06,21351.51,29017.61,40006.6,50058.97,60320.56,639.0,270.0,80.0,138.0,138.0,121030000.0
62619,11672.750791668128,0.0,372,20.8,0,1500.0,17,197.98,0,1500.0,5992.0,49.72,34.93,2123.0,2.33,2.82,2571.67,429.22,2642.71,6268.77,11344.05,16459.73,21658.43,27082.74,33655.61,40908.03,50193.97,770.0,308.0,153.0,302.0,305.0,310000000.0
62931,10843.308897576107,0.0127329811375422,393,12.65,0,1500.0,7,277.82,0,1500.0,6693.0,49.75,34.28,2275.0,2.75,2.94,2433.82,768.81,3064.0,6699.12,9932.73,13541.32,18057.12,22635.55,27399.75,32319.38,40001.84,734.0,268.0,157.0,249.0,252.0,114400000.0
63471,11488.73710602391,0.0159965964850903,302,14.57,0,1500.0,12,113.16,1,593.15,3233.0,50.42,35.27,1107.0,1.11,2.92,2912.61,489.9,2196.92,4605.82,7650.18,10625.37,16014.99,22272.97,29815.82,38608.06,50254.79,201.0,164.0,58.0,69.0,70.0,257200000.0
65250,12434.981315780436,0.0171674070915503,393,172.3,0,1500.0,6,357.25,1,729.06,5036.0,49.46,33.75,1704.0,1.76,2.96,2861.36,270.11,744.87,2457.31,5570.34,10554.77,16872.2,24629.38,33415.7,44103.22,53933.0,484.0,296.0,63.0,149.0,150.0,127600000.0
65372,10641.25818163127,0.0127210572492057,248,253.61,0,1500.0,10,285.12,0,1500.0,3278.0,50.67,34.08,1143.0,1.26,2.87,2601.59,668.21,1591.2,3771.54,6914.82,10800.39,15252.72,19526.92,26774.9,33843.63,39964.38,495.0,164.0,92.0,158.0,159.0,163700000.0
65374,11577.704386744275,0.0140346648537067,214,99.38,0,1500.0,2,656.32,0,1500.0,3625.0,49.54,34.84,1242.0,1.28,2.92,2832.03,733.83,2663.54,6167.5,9927.08,13511.46,18430.56,24258.0,31175.35,37898.76,44091.2,535.0,85.0,69.0,99.0,99.0,45000000.0
68289,12976.580907265385,0.0251225854853636,404,18.58,0,1500.0,24,98.83,0,1500.0,9440.0,50.92,35.82,3269.0,2.16,2.89,4370.37,774.9,3196.8,7746.16,14992.55,23523.22,33169.6,42905.16,53692.95,65227.13,78924.93,963.0,632.0,25.0,47.0,47.0,432500000.0
68825,13567.377601520997,0.0270024440956935,394,22.26,0,1500.0,4,368.38,0,1500.0,8005.0,49.63,34.59,2686.0,1.14,2.98,7021.93,880.69,3619.91,8474.98,15472.8,23465.95,33184.39,43306.49,54764.27,68901.23,84830.68,810.0,483.0,15.0,121.0,123.0,178670000.0
69964,12244.563568056512,0.0,39,125.35,0,1500.0,0,1500.0,0,1500.0,3951.0,49.51,34.39,1361.0,1.23,2.9,3212.2,29.43,1048.57,2975.25,6087.89,10202.45,14422.26,19763.09,26028.92,33245.51,40658.83,390.0,145.0,76.0,148.0,150.0,206150000.0
70215,11868.55699017092,0.0133624675853604,58,116.93,0,1500.0,1,419.68,0,1500.0,4025.0,49.04,34.91,1383.0,1.12,2.91,3593.75,0.0,863.67,2378.42,4805.38,8050.99,12385.05,17726.69,24822.42,32324.33,41979.43,421.0,140.0,67.0,91.0,91.0,232850000.0
