cooperative_id,name,desa,kecamatan,latitude,longitude,potensi,usaha,jenis_koperasi,ruas 100,ruas 200,ruas 300,ruas 400,ruas 500,ruas 600,ruas 700,ruas 800,ruas 900,ruas 1000
32337,KOPERASI KELURAHAN MERAH PUTIH MANDAN KECAMATAN SUKOHARJO KABUPATEN SUKOHARJO,MANDAN,SUKOHARJO,-7.70347461,110.836603,-,GERAI KANTOR KOPERASI KOPERASI KELURAHAN MERAH PUTIH MANDAN KECAMATAN SUKOHARJO KABUPATEN SUKOHARJO,Kantor Koperasi,0.0,0.0,0.0,0.0,0.0,0.0,0.0,0.0,0.0,0.0
32376,KOPERASI KELURAHAN MERAH PUTIH BEGAJAH KECAMATAN SUKOHARJO KABUPATEN SUKOHARJO,BEGAJAH,SUKOHARJO,-7.7024647,110.8555044,Pertanian Padi,Kantor Koperasi Kelurahan Merah Putih Begajah,"Pengadaan Sembako, Kantor Koperasi",0.0,0.0,0.0,0.0,0.0,0.0,0.0,0.0,0.0,0.0
52828,KOPERASI KELURAHAN MERAH PUTIH KRIWEN KECAMATAN SUKOHARJO KABUPATEN SUKOHARJO,KRIWEN,SUKOHARJO,-7.68719846,110.8002488,-,Kantor Koperasi,Kantor Koperasi,98.84,511.71,1312.58,2946.43,4737.01,7487.89,10881.89,15982.34,23917.32,34493.18
52917,KOPERASI KELURAHAN MERAH PUTIH BULAKREJO KECAMATAN SUKOHARJO KABUPATEN SUKOHARJO,BULAKREJO,SUKOHARJO,-7.64893481,110.824575,-,GERAI KANTOR KOPERASI KOPERASI KELURAHAN MERAH PUTIH BULAKREJO KECAMATAN SUKOHARJO KABUPATEN SUKOHARJO,Kantor Koperasi,195.58,710.05,1849.38,3195.11,5564.01,10758.66,16891.18,25706.63,34305.1,42049.43
52932,KOPERASI KELURAHAN MERAH PUTIH KENEP KECAMATAN SUKOHARJO KABUPATEN SUKOHARJO,KENEP,SUKOHARJO,-7.69943552,110.8094875,-,GERAI KANTOR KOPERASI KOPERASI KELURAHAN MERAH PUTIH KENEP KECAMATAN SUKOHARJO KABUPATEN SUKOHARJO,Kantor Koperasi,154.63,1815.64,4103.48,7533.91,10665.18,14937.23,19590.89,25877.84,32095.03,40019.99
52934,KOPERASI KELURAHAN MERAH PUTIH SONOREJO KECAMATAN SUKOHARJO KABUPATEN SUKOHARJO,SONOREJO,SUKOHARJO,-7.65312906,110.79782977,"Pertanian Sawah, Sentra Perajin Wayang Kulit, Ternak Kambing Domba, Agen Laku Pandai Bni Agen 46","GERAI KANTOR KOPERASI KOPERASI KELURAHAN MERAH PUTIH SONOREJO KECAMATAN SUKOHARJO KABUPATEN SUKOHARJO, Agen Laku Pandai KKMP Sonorejo","Pengadaan Sembako, Kantor Koperasi, Usaha Simpan Pinjam",458.35,939.79,2221.44,4725.35,7310.19,10649.5,15652.59,22108.72,27708.35,36023.92
55333,KOPERASI KELURAHAN MERAH PUTIH GAYAM KECAMATAN SUKOHARJO KABUPATEN SUKOHARJO,GAYAM,SUKOHARJO,-7.6898194,110.849526,Lapangan Olah Raga,GERAI KANTOR KOPERASI KOPERASI KELURAHAN MERAH PUTIH GAYAM KECAMATAN SUKOHARJO KABUPATEN SUKOHARJO,Kantor Koperasi,939.23,3335.8,7425.4,12585.81,17985.98,23422.1,29898.92,37539.62,47083.08,56633.85
55407,KOPERASI KELURAHAN MERAH PUTIH JOHO KECAMATAN SUKOHARJO KABUPATEN SUKOHARJO,JOHO,SUKOHARJO,-7.69128052,110.8391922,"UMKM, Padi Sawah",Kantor Koperasi,"Pengadaan Sembako, Kantor Koperasi",742.79,2917.78,6037.47,10043.65,14600.06,20398.67,28565.07,37585.11,48884.09,59772.89
56019,KOPERASI KELURAHAN MERAH PUTIH BANMATI KECAMATAN SUKOHARJO KABUPATEN SUKOHARJO,BANMATI,SUKOHARJO,-7.70427276,110.8190704,-,GERAI KANTOR KOPERASI KOPERASI KELURAHAN MERAH PUTIH BANMATI KECAMATAN SUKOHARJO KABUPATEN SUKOHARJO,Kantor Koperasi,413.92,1656.14,3495.5,6500.84,9026.49,11793.77,18264.88,25025.95,32914.3,42006.73
57472,KOPERASI KELURAHAN MERAH PUTIH DUKUH KECAMATAN SUKOHARJO KABUPATEN SUKOHARJO,DUKUH,SUKOHARJO,-7.66903113,110.8029295,-,GERAI KANTOR KOPERASI KOPERASI KELURAHAN MERAH PUTIH DUKUH KECAMATAN SUKOHARJO KABUPATEN SUKOHARJO,Kantor Koperasi,10.77,177.44,405.48,1531.91,3800.01,6337.43,10467.56,13447.27,17321.7,21834.82
57512,KOPERASI KELURAHAN MERAH PUTIH JETIS KECAMATAN SUKOHARJO KABUPATEN SUKOHARJO,JETIS,SUKOHARJO,-7.6871204,110.824905,-,GERAI KANTOR KOPERASI KOPERASI KELURAHAN MERAH PUTIH JETIS KECAMATAN SUKOHARJO KABUPATEN SUKOHARJO,Kantor Koperasi,0.0,0.0,0.0,0.0,0.0,0.0,0.0,0.0,0.0,0.0
58050,KOPERASI KELURAHAN MERAH PUTIH BULAKAN KECAMATAN SUKOHARJO KABUPATEN SUKOHARJO,BULAKAN,SUKOHARJO,-7.67643913,110.7898907,-,"GERAI KANTOR KOPERASI KOPERASI KELURAHAN MERAH PUTIH BULAKAN KECAMATAN SUKOHARJO KABUPATEN SUKOHARJO, GERAI SEMBAKO KOPERASI KELURAHAN MERAH PUTIH BULAKAN KECAMATAN SUKOHARJO KABUPATEN SUKOHARJO","Kantor Koperasi, Pengadaan Sembako",434.64,1519.96,3701.96,7616.0,11874.16,16697.42,22777.43,29380.08,36140.99,44656.96
61826,KOPERASI KELURAHAN MERAH PUTIH SUKOHARJO KECAMATAN SUKOHARJO KABUPATEN SUKOHARJO,SUKOHARJO,SUKOHARJO,-7.67138826,110.8245617,-,"Koperasi Kelurahan Merah Putih Sukoharjo, Gerai Sembako (Embrio KopHub)","Kantor Koperasi, Pengadaan Sembako",759.93,2858.19,4542.68,6634.6,9113.43,11742.34,14796.14,16913.98,19538.99,24435.43
66646,KOPERASI KELURAHAN MERAH PUTIH COMBONGAN KECAMATAN SUKOHARJO KABUPATEN SUKOHARJO,COMBONGAN,SUKOHARJO,-7.68344258,110.8140723,-,GERAI KANTOR KOPERASI KOPERASI KELURAHAN MERAH PUTIH COMBONGAN KECAMATAN SUKOHARJO KABUPATEN SUKOHARJO,Kantor Koperasi,0.0,0.0,0.0,0.0,0.0,0.0,0.0,0.0,0.0,0.0
32518,KOPERASI DESA MERAH PUTIH CEMANI KECAMATAN GROGOL KABUPATEN SUKOHARJO,CEMANI,GROGOL,-7.58244528,110.8057663,-,GERAI KANTOR KOPERASI KOPERASI DESA MERAH PUTIH CEMANI KECAMATAN GROGOL KABUPATEN SUKOHARJO,Kantor Koperasi,872.76,3669.66,8037.38,13646.36,20274.21,28726.16,38774.85,50713.34,62976.33,78030.45
36810,KOPERASI DESA MERAH PUTIH LANGENHARJO KECAMATAN GROGOL KABUPATEN SUKOHARJO,LANGENHARJO,GROGOL,-7.61261159,110.8107079,"Padi, Sapi, Kambing",-,Pengadaan Sembako,199.76,2077.67,4943.81,9583.03,16138.31,23861.76,32551.95,43427.5,55348.84,69713.52
38321,KOPERASI DESA MERAH PUTIH BANARAN KECAMATAN GROGOL KABUPATEN SUKOHARJO,BANARAN,GROGOL,-7.57719605,110.7942842,Padi,"GERAI KANTOR KOPERASI KOPERASI DESA MERAH PUTIH BANARAN KECAMATAN GROGOL KABUPATEN SUKOHARJO, GERAI SEMBAKO KOPERASI DESA MERAH PUTIH BANARAN KECAMATAN GROGOL KABUPATEN SUKOHARJO","Pengadaan Sembako, Kantor Koperasi",359.67,912.58,3302.51,6494.49,11375.79,17503.11,26357.97,38256.05,51140.72,66674.02
47164,KOPERASI DESA MERAH PUTIH PONDOK KECAMATAN GROGOL KABUPATEN SUKOHARJO,PONDOK,GROGOL,-7.6220637,110.7970056,"Pertanian Padi, Umkm Makanan Siap Saji, Pembuatan Batu Bata Batu Merah, Jagung Pakan, Umkm Pembuatan Tempe, Pengrajin, Pabrik Pembuatan Roti, Konveksi",GERAI KANTOR KOPERASI KOPERASI DESA MERAH PUTIH PONDOK KECAMATAN GROGOL KABUPATEN SUKOHARJO,"Pengadaan Sembako, Kantor Koperasi",600.23,2499.91,5872.66,8695.39,12010.1,17045.12,23865.89,31390.79,38312.8,44601.11
47221,KOPERASI DESA MERAH PUTIH PARANGJORO KECAMATAN GROGOL KABUPATEN SUKOHARJO,PARANGJORO,GROGOL,-7.6365314,110.8067035,"Pisang, Melon",Gerai Koperasi Desa Merah Putih Parangjoro,"Pengadaan Sembako, Kantor Koperasi",423.85,1307.54,3298.95,5795.55,8843.56,12715.34,16917.72,21331.35,27023.69,34253.19
47269,KOPERASI DESA MERAH PUTIH PANDEYAN KECAMATAN GROGOL KABUPATEN SUKOHARJO,PANDEYAN,GROGOL,-7.63228,110.837331,"Kebun Jagung, Peternakan Sapi, Perikanan, Pedagang Umkm, Padi","KIOS PANGAN MURAH KOPERASI DESA MERAH PUTIH PANDEYAN KECAMATAN GROGOL KABUPATEN SUKOHARJO, Koperasi desa merah putih pandeyan","Pengadaan Sembako, Kantor Koperasi",756.7,2147.6,5010.36,8510.94,12901.05,19255.7,26539.77,33445.71,40159.77,46995.33
47972,KOPERASI DESA MERAH PUTIH TELUKAN KECAMATAN GROGOL KABUPATEN SUKOHARJO,TELUKAN,GROGOL,-7.62107865,110.8237961,"Sapi, Tanaman Obat, Perikanan, Padi, Kambing","UNIT USAHA LAINNYA KOPERASI DESA MERAH PUTIH TELUKAN KECAMATAN GROGOL KABUPATEN SUKOHARJO, GERAI SEMBAKO KOPERASI DESA MERAH PUTIH TELUKAN KECAMATAN GROGOL KABUPATEN SUKOHARJO, KDMP TELUKAN, GERAI SIMPAN PINJAM KOPERASI DESA MERAH PUTIH TELUKAN KECAMATAN GROGOL KABUPATEN SUKOHARJO, GERAI GAS ELPIJI 3 KG, GERAI KANTOR KOPERASI KOPERASI DESA MERAH PUTIH TELUKAN KECAMATAN GROGOL KABUPATEN SUKOHARJO","Pengadaan Sembako, Usaha Simpan Pinjam, Kantor Koperasi",299.18,1742.91,4303.58,7571.29,12743.62,19746.96,28588.63,37424.79,47615.95,59380.96
56628,KOPERASI DESA MERAH PUTIH KADOKAN KECAMATAN GROGOL KABUPATEN SUKOHARJO,KADOKAN,GROGOL,-7.59833659,110.82815167,"Padi, Kambing, Sapi","UNIT USAHA LAINNYA KOPERASI DESA MERAH PUTIH KADOKAN KECAMATAN GROGOL KABUPATEN SUKOHARJO, Kantor Koperasi, Laku Pandai","Pengadaan Sembako, Kantor Koperasi",641.27,1938.48,3308.77,6483.66,11166.51,17379.78,25288.7,36352.08,47461.29,59841.21
56648,KOPERASI DESA MERAH PUTIH KWARASAN KECAMATAN GROGOL KABUPATEN SUKOHARJO,KWARASAN,GROGOL,-7.59320981,110.809563,"Kambing, Padi, Perdagangan","APOTEK KDMP DESA KWARASAN, GERAI KELONTONG, KANTOR KDMP DESA KWARASAN","Pengadaan Sembako, Apotek Desa/Kelurahan, Kantor Koperasi",831.17,2248.2,5415.67,8830.84,12421.09,18333.83,26873.62,40050.87,55609.19,72307.8
56667,KOPERASI DESA MERAH PUTIH SANGGRAHAN KECAMATAN GROGOL KABUPATEN SUKOHARJO,SANGGRAHAN,GROGOL,-7.5910939,110.799413,"Padi, Umkm Pembuatan Tempe",-,Pengadaan Sembako,802.83,4204.57,9180.29,14958.85,21608.97,28444.93,35382.34,42634.63,51962.82,62185.14
56670,KOPERASI DESA MERAH PUTIH MANANG KECAMATAN GROGOL KABUPATEN SUKOHARJO,MANANG,GROGOL,-7.59033611,110.7904083,Padi,GERAI KANTOR KOPERASI KOPERASI DESA MERAH PUTIH MANANG KECAMATAN GROGOL KABUPATEN SUKOHARJO,"Pengadaan Sembako, Kantor Koperasi",857.75,2209.07,5776.67,10283.36,16313.42,23543.33,31566.7,42486.98,52616.49,65546.96
58002,KOPERASI DESA MERAH PUTIH MADEGONDO KECAMATAN GROGOL KABUPATEN SUKOHARJO,MADEGONDO,GROGOL,-7.60090404,110.8140895,"Sapi, Kambing",Kantor Koperasi,"Pengadaan Sembako, Kantor Koperasi",1076.68,4005.5,9496.97,16672.57,25323.94,33889.37,44247.62,56364.53,69129.7,82063.44
58687,KOPERASI DESA MERAH PUTIH GEDANGAN KECAMATAN GROGOL KABUPATEN SUKOHARJO,GEDANGAN,GROGOL,-7.60549058,110.8012698,"Sapi, Kambing, Domba, Ayam, Perikanan",GERAI KANTOR KOPERASI KOPERASI DESA MERAH PUTIH GEDANGAN KECAMATAN GROGOL KABUPATEN SUKOHARJO,Kantor Koperasi,819.24,3091.2,6904.3,12108.69,19164.1,26800.76,35396.2,44636.76,53782.27,65239.3
58714,KOPERASI DESA MERAH PUTIH GROGOL KECAMATAN GROGOL KABUPATEN SUKOHARJO,GROGOL,GROGOL,-7.6042816,110.8128074,Ayam,Kantor Koperasi,"Pengadaan Sembako, Kantor Koperasi",1352.99,3741.81,8045.0,14382.82,22142.23,32299.57,44806.0,57196.61,70576.79,82644.1
32762,KOPERASI DESA MERAH PUTIH DALEMAN KECAMATAN NGUTER KABUPATEN SUKOHARJO,DALEMAN,NGUTER,-7.72701493,110.8586979,"Padi, Kambing, Ayam, Bebek, Itik",Koperasi Desa Merah Putih Daleman,"Pengadaan Sembako, Kantor Koperasi",481.58,1749.48,4447.85,7867.58,11090.18,14272.68,17300.19,22026.45,27094.32,32474.29
36838,KOPERASI DESA MERAH PUTIH KEPUH KECAMATAN NGUTER KABUPATEN SUKOHARJO,KEPUH,NGUTER,-7.71453939,110.8595946,Padi,Kantor Koperasi Desa Meras Putih,"Pengadaan Sembako, Kantor Koperasi",22.28,1320.63,3649.69,5962.18,8356.33,11627.89,15798.84,21938.95,26339.14,31121.38
36937,KOPERASI DESA MERAH PUTIH LAWU KECAMATAN NGUTER KABUPATEN SUKOHARJO,LAWU,NGUTER,-7.7345414,110.8504325,"Padi, Sapi, Kambing, Perikanan",GERAI KANTOR KOPERASI KOPERASI DESA MERAH PUTIH LAWU KECAMATAN NGUTER KABUPATEN SUKOHARJO,"Pengadaan Sembako, Kantor Koperasi",721.55,2508.46,4812.3,8026.74,12536.49,17269.5,21784.19,26113.63,30846.77,35752.16
37031,KOPERASI DESA MERAH PUTIH PONDOK KECAMATAN NGUTER KABUPATEN SUKOHARJO,PONDOK,NGUTER,-7.71468952,110.8393698,"Padi, Domba, Bebek, Itik, Perikanan",GERAI KANTOR KOPERASI KOPERASI DESA MERAH PUTIH PONDOK KECAMATAN NGUTER KABUPATEN SUKOHARJO,"Pengadaan Sembako, Kantor Koperasi",614.4,2268.92,4408.95,7551.14,11137.44,14504.4,18624.67,23724.16,29261.42,35299.68
38425,KOPERASI DESA MERAH PUTIH CELEP KECAMATAN NGUTER KABUPATEN SUKOHARJO,CELEP,NGUTER,-7.73391904,110.9161775,Padi,KANTOR KOPERASI DESA MERAH PUTIH CELEP KECAMATAN NGUTER KABUPATEN SUKOHARJO,"Pengadaan Sembako, Kantor Koperasi",528.78,2005.09,3721.79,6187.04,8548.84,11926.02,17161.12,21479.72,25396.16,28059.81
41729,KOPERASI DESA MERAH PUTIH PENGKOL KECAMATAN NGUTER KABUPATEN SUKOHARJO,PENGKOL,NGUTER,-7.74270029,110.9046458,Kambing,Kantor Koperasi Desa Merah Putih Pengkol Kecamatan Nguter Kabupaten Sukoharjo,"Kantor Koperasi, Pengadaan Sembako",383.5,1406.31,2028.38,3630.06,7452.95,11150.87,14871.11,20149.0,26157.14,32736.61
43877,KOPERASI DESA MERAH PUTIH TANJUNG KECAMATAN NGUTER KABUPATEN SUKOHARJO,TANJUNG,NGUTER,-7.7221339,110.8286704,"Ikan Lele, Alpukat, Melon, Kambing, Itik, Sayuran Cabai Tomat Terong Hidroponik, Padi",GERAI KANTOR KOPERASI KOPERASI DESA MERAH PUTIH TANJUNG KECAMATAN NGUTER KABUPATEN SUKOHARJO,"Pengadaan Sembako, Kantor Koperasi",607.51,2010.84,4557.77,7446.37,11527.41,15504.89,19826.09,25029.73,31172.14,39087.52
44790,KOPERASI DESA MERAH PUTIH GUPIT KECAMATAN NGUTER KABUPATEN SUKOHARJO,GUPIT,NGUTER,-7.73988395,110.8903058,Padi,-,Pengadaan Sembako,87.75,1031.48,3188.64,5080.56,8038.55,11839.12,17023.26,22660.92,27813.34,33995.01
50138,KOPERASI DESA MERAH PUTIH BARAN KECAMATAN NGUTER KABUPATEN SUKOHARJO,BARAN,NGUTER,-7.74310292,110.8590439,"Padi, Perikanan",GERAI KANTOR KOPERASI DESA MERAH PUTIH BARAN KECAMATAN NGUTER KABUPATEN SUKOHARJO,"Pengadaan Sembako, Kantor Koperasi",317.8,1188.26,2245.85,4194.79,6292.87,10068.43,14806.94,18754.63,23016.48,28289.8
52750,KOPERASI DESA MERAH PUTIH JURON KECAMATAN NGUTER KABUPATEN SUKOHARJO,JURON,NGUTER,-7.72361057,110.9304148,Padi,Gerai Kantor Koperasi,"Pengadaan Sembako, Kantor Koperasi",4.36,905.56,2238.59,4182.67,6517.54,10422.99,13611.52,16343.89,20767.25,24778.95
52826,KOPERASI DESA MERAH PUTIH NGUTER KECAMATAN NGUTER KABUPATEN SUKOHARJO,NGUTER,NGUTER,-7.74226607,110.873273,"Padi, Kambing, Ayam, Perikanan",Kantor Koperasi,"Pengadaan Sembako, Kantor Koperasi",259.94,892.96,2525.77,6391.21,9877.46,13901.15,18157.04,23144.6,28891.21,34747.64
52884,KOPERASI DESA MERAH PUTIH PLESAN KECAMATAN NGUTER KABUPATEN SUKOHARJO,PLESAN,NGUTER,-7.72090826,110.8956272,Padi,"GERAI SIMPAN PINJAM KOPERASI DESA MERAH PUTIH PLESAN KECAMATAN NGUTER KABUPATEN SUKOHARJO, GERAI KANTOR KOPERASI KOPERASI DESA MERAH PUTIH PLESAN KECAMATAN NGUTER KABUPATEN SUKOHARJO","Pengadaan Sembako, Usaha Simpan Pinjam, Kantor Koperasi",60.99,1398.73,3075.84,5588.13,7105.36,9890.58,13540.45,17645.92,20654.36,24383.63
52949,KOPERASI DESA MERAH PUTIH KEDUNGWINONG KECAMATAN NGUTER KABUPATEN SUKOHARJO,KEDUNGWINONG,NGUTER,-7.72337642,110.8766394,"Padi, Jagung, Tomat, Pisang, Mangga, Alpukat, Melon, Bebek, Itik",GERAI KANTOR KOPERASI KOPERASI DESA MERAH PUTIH KEDUNGWINONG KECAMATAN NGUTER KABUPATEN SUKOHARJO,"Pengadaan Sembako, Kantor Koperasi",804.23,2961.96,5437.23,9202.0,12819.35,16258.49,21134.55,25818.95,29000.04,33126.94
56622,KOPERASI DESA MERAH PUTIH TANJUNGREJO KECAMATAN NGUTER KABUPATEN SUKOHARJO,TANJUNGREJO,NGUTER,-7.76556664,110.9323394,Perikanan,KANTOR KOPERASI DESA MERAH PUTIH TANJUNGREJO KECAMATAN NGUTER KABUPATEN SUKOHARJO,Kantor Koperasi,285.26,958.62,1692.83,3874.22,6140.04,7926.11,10487.58,13797.42,17943.11,23252.31
56645,KOPERASI DESA MERAH PUTIH SERUT KECAMATAN NGUTER KABUPATEN SUKOHARJO,SERUT,NGUTER,-7.73890569,110.9329146,Padi,Kantor Koperasi Desa Merah Putih Serut Kecamatan Nguter Kabupaten Sukoharjo,"Pengadaan Sembako, Kantor Koperasi",403.76,1461.15,3155.33,4728.94,6797.6,8664.72,12660.68,17930.49,22260.59,27142.99
56672,KOPERASI DESA MERAH PUTIH JANGGLENGAN KECAMATAN NGUTER KABUPATEN SUKOHARJO,JANGGLENGAN,NGUTER,-7.75343957,110.9219798,"Padi, Jagung, Cabai",KANTOR KOPERASI KOPERASI DESA MERAH PUTIH JANGGLENGAN KECAMATAN NGUTER KABUPATEN SUKOHARJO,"Pengadaan Sembako, Kantor Koperasi",0.0,0.0,910.72,2539.85,4913.83,7292.17,10702.93,13537.49,17294.76,22387.92
36906,KOPERASI KELURAHAN MERAH PUTIH JOMBOR KECAMATAN BENDOSARI KABUPATEN SUKOHARJO,JOMBOR,BENDOSARI,-7.66871375,110.8402071,Sarana Olahraga,Kantor Koperasi Kelurahan Merah Putih Jombor,Kantor Koperasi,686.49,3168.68,7718.96,14397.04,21606.45,28837.36,36307.2,44913.64,53254.36,62651.39
48639,KOPERASI DESA MERAH PUTIH MOJOREJO KECAMATAN BENDOSARI KABUPATEN SUKOHARJO,MOJOREJO,BENDOSARI,-7.701195,110.916573,Padi,Kantor Koperasi Desa Merah Putih Mojorejo,"Pengadaan Sembako, Kantor Koperasi",485.26,1679.85,3144.26,4929.32,6656.57,8995.04,13566.85,17574.78,21258.26,25503.39
49499,KOPERASI DESA MERAH PUTIH SUGIHAN KECAMATAN BENDOSARI KABUPATEN SUKOHARJO,SUGIHAN,BENDOSARI,-7.67249032,110.8668773,"Padi, Kambing",Kantor KDMP Sugihan,"Pengadaan Sembako, Kantor Koperasi",193.5,576.75,1842.14,2748.71,3820.43,7423.82,12342.26,16722.54,21406.51,27582.56
50292,KOPERASI DESA MERAH PUTIH MERTAN KECAMATAN BENDOSARI KABUPATEN SUKOHARJO,MERTAN,BENDOSARI,-7.6864136,110.8932085,"Padi, Jagung",Kantor Koperasi Desa Merah Putih Mertan,"Pengadaan Sembako, Kantor Koperasi",341.53,782.81,2003.56,4604.74,6938.96,9365.74,12660.26,17800.87,21783.85,25361.43
55399,KOPERASI DESA MERAH PUTIH GENTAN KECAMATAN BENDOSARI KABUPATEN SUKOHARJO,GENTAN,BENDOSARI,-7.655628,110.855268,"Padi, Jagung, Kedelai, Ubi Kayu, Ubi Jalar, Kacang Tanah, Kacang Hijau, Cabai, Bawang, Tomat, Pisang, Mangga, Alpukat, Melon, Tanaman Obat, Sapi, Kerbau, Kambing, Ayam, Bebek, Itik, Perikanan",Kantor Koperasi Desa Merah Putih Gentan Kecamatan Bendosari Kabupaten Sukoharjo,"Pengadaan Sembako, Kantor Koperasi",408.21,1670.16,3830.44,7647.11,11344.77,14686.82,17998.25,21530.6,26274.99,33615.51
58658,KOPERASI DESA MERAH PUTIH SIDOREJO KECAMATAN BENDOSARI KABUPATEN SUKOHARJO,SIDOREJO,BENDOSARI,-7.65823375,110.8440503,"Padi, Kambing, Itik",GERAI KANTOR KOPERASI KOPERASI DESA MERAH PUTIH SIDOREJO KECAMATAN BENDOSARI KABUPATEN SUKOHARJO,"Pengadaan Sembako, Kantor Koperasi",645.81,1718.7,3104.35,5398.57,7411.05,9176.7,12821.95,16988.26,23358.07,32890.55
63262,KOPERASI DESA MERAH PUTIH TORIYO KECAMATAN BENDOSARI KABUPATEN SUKOHARJO,TORIYO,BENDOSARI,-7.67896133,110.8574033,"Padi, Ubi Jalar, Perikanan",Kantor Koperasi Desa Merah Putih Toriyo Kecamatan Bendosari Kabupaten Sukoharjo,"Pengadaan Sembako, Kantor Koperasi",942.33,2900.04,5495.74,8611.94,12201.29,14730.01,18353.85,22327.9,27670.1,33372.65
65294,KOPERASI DESA MERAH PUTIH PUHGOGOR KECAMATAN BENDOSARI KABUPATEN SUKOHARJO,PUHGOGOR,BENDOSARI,-7.702989,110.936871,Padi,Koperasi Desa Merah Putih Puhgogor,"Pengadaan Sembako, Kantor Koperasi",336.46,1049.23,2351.05,3769.32,5885.44,7808.61,9690.59,11877.64,15086.2,19689.58
65371,KOPERASI DESA MERAH PUTIH MULUR KECAMATAN BENDOSARI KABUPATEN SUKOHARJO,MULUR,BENDOSARI,-7.6962647,110.8746698,"Padi, Ayam, Bimbingan Belajar Les Privat, Ikan Nila Bawal Lele Gurame Dan Mujair, Peternakan Sapi, Aneka Buah Buahan, Wisata Rekreasi Air, Sayur Sayuran, Umkm Lokal, Peternakan Kambing","GERAI KANTOR KOPERASI KOPERASI DESA MERAH PUTIH MULUR KECAMATAN BENDOSARI KABUPATEN SUKOHARJO, GERAI SEMBAKO KOPERASI DESA MERAH PUTIH MULUR KECAMATAN BENDOSARI KABUPATEN SUKOHARJO, KIOS PUPUK","Pengadaan Sembako, Kantor Koperasi",0.0,0.0,0.0,0.0,0.0,0.0,0.0,0.0,0.0,0.0
65373,KOPERASI DESA MERAH PUTIH JAGAN KECAMATAN BENDOSARI KABUPATEN SUKOHARJO,JAGAN,BENDOSARI,-7.70631764,110.8834653,"Padi, Jagung, Kacang Tanah, Sapi, Kambing, Ayam, Bebek",kantor kopersi,"Pengadaan Sembako, Kantor Koperasi",0.0,461.43,1368.98,2177.18,3196.09,4795.1,6877.1,9664.55,12989.08,18705.48
65380,KOPERASI DESA MERAH PUTIH MANISHARJO KECAMATAN BENDOSARI KABUPATEN SUKOHARJO,MANISHARJO,BENDOSARI,-7.71195089,110.9104923,Padi,Kantor Koperasi Desa Merah Putih Manisharjo,"Pengadaan Sembako, Kantor Koperasi",23.33,495.3,1179.68,2223.33,4367.25,6773.54,10459.52,14180.71,17969.11,21270.89
65381,KOPERASI DESA MERAH PUTIH CABEYAN KECAMATAN BENDOSARI KABUPATEN SUKOHARJO,CABEYAN,BENDOSARI,-7.7125952,110.9338467,"Padi, Jagung, Kedelai, Ubi Kayu, Ubi Jalar, Kacang Tanah, Kacang Hijau, Cabai, Bawang, Tomat, Pisang, Mangga, Alpukat, Melon, Tanaman Obat, Sapi, Kambing, Ayam, Bebek, Itik, Perikanan",KDMP CABEYAN,Pengadaan Sembako,114.67,454.28,1797.79,3787.34,5878.56,7519.21,9519.53,12347.43,17988.28,25607.18
69987,KOPERASI DESA MERAH PUTIH PALUHOMBO KECAMATAN BENDOSARI KABUPATEN SUKOHARJO,PALUHOMBO,BENDOSARI,-7.68854226,110.9397204,"Jagung, Ayam",GERAI KANTOR KOPERASI KOPERASI DESA MERAH PUTIH PALUHOMBO KECAMATAN BENDOSARI KABUPATEN SUKOHARJO,"Pengadaan Sembako, Kantor Koperasi",692.54,1974.83,3931.89,5714.89,8058.9,10457.97,12646.24,14999.65,17258.15,19843.49
70912,KOPERASI DESA MERAH PUTIH BENDOSARI KECAMATAN BENDOSARI KABUPATEN SUKOHARJO,BENDOSARI,BENDOSARI,-7.681102,110.92712,"Padi, Jagung, Sapi",-,Pengadaan Sembako,531.13,1785.03,3013.79,3875.49,4663.98,5431.38,7259.56,8509.29,11532.05,14193.98
41703,KOPERASI DESA MERAH PUTIH KERTONATAN KECAMATAN KARTASURA KABUPATEN SUKOHARJO,KERTONATAN,KARTASURA,-7.54730203,110.7206937,"Perikanan, Padi, Jagung, Ubi Kayu, Ubi Jalar, Kacang Tanah, Cabai, Bawang, Tomat, Pisang, Mangga, Tanaman Obat, Kambing, Domba, Ayam, Bebek, Itik","GERAI SIMPAN PINJAM KOPERASI DESA MERAH PUTIH KERTONATAN KECAMATAN KARTASURA KABUPATEN SUKOHARJO, Kantor Koperasi, GERAI KANTOR KOPERASI KOPERASI DESA MERAH PUTIH KERTONATAN KECAMATAN KARTASURA KABUPATEN SUKOHARJO","Pengadaan Sembako, Usaha Simpan Pinjam, Kantor Koperasi",682.29,2476.2,4640.12,8747.17,12486.03,18914.9,24971.78,31603.81,39061.38,46102.94
47610,KOPERASI KELURAHAN MERAH PUTIH KARTASURA KECAMATAN KARTASURA KABUPATEN SUKOHARJO,KARTASURA,KARTASURA,-7.55500594,110.740526,-,"UNIT USAHA LAINNYA KOPERASI KELURAHAN MERAH PUTIH KARTASURA KECAMATAN KARTASURA KABUPATEN SUKOHARJO, GERAI APOTEK KOPERASI KELURAHAN MERAH PUTIH KARTASURA KECAMATAN KARTASURA KABUPATEN SUKOHARJO, GERAI KLINIK KOPERASI KELURAHAN MERAH PUTIH KARTASURA KECAMATAN KARTASURA KABUPATEN SUKOHARJO, GERAI SEMBAKO KOPERASI KELURAHAN MERAH PUTIH KARTASURA KECAMATAN KARTASURA KABUPATEN SUKOHARJO, GERAI SIMPAN PINJAM KOPERASI KELURAHAN MERAH PUTIH KARTASURA KECAMATAN KARTASURA KABUPATEN SUKOHARJO, GERAI COLD STORAGE/COLD CHAIN KOPERASI KELURAHAN MERAH PUTIH KARTASURA KECAMATAN KARTASURA KABUPATEN SUKOHARJO, GERAI KANTOR KOPERASI KOPERASI KELURAHAN MERAH PUTIH KARTASURA KECAMATAN KARTASURA KABUPATEN SUKOHARJO","Apotek Desa/Kelurahan, Klinik Desa/Kelurahan, Pengadaan Sembako, Usaha Simpan Pinjam, Pergudangan / Cold Storage, Kantor Koperasi",555.05,2688.26,5856.93,10974.0,17511.62,25505.96,35739.06,47499.02,59511.94,72642.68
52844,KOPERASI KELURAHAN MERAH PUTIH NGADIREJO KECAMATAN KARTASURA KABUPATEN SUKOHARJO,NGADIREJO,KARTASURA,-7.56154856,110.7497162,-,Kantor KKMP,Kantor Koperasi,652.35,2614.7,6151.77,10976.24,16808.37,25733.19,35325.3,45830.74,59496.24,72201.55
55315,KOPERASI DESA MERAH PUTIH PUCANGAN KECAMATAN KARTASURA KABUPATEN SUKOHARJO,PUCANGAN,KARTASURA,-7.5540033,110.7325987,Padi,Kantor KDMP,"Pengadaan Sembako, Kantor Koperasi",696.25,3009.39,7032.35,11981.38,19909.59,28327.39,38256.54,49812.87,61952.58,74053.72
55338,KOPERASI DESA MERAH PUTIH NGABEYAN KECAMATAN KARTASURA KABUPATEN SUKOHARJO,NGABEYAN,KARTASURA,-7.5440964,110.7363947,"Padi, Jagung, Kacang Hijau, Cabai, Tanaman Obat, Kerbau, Ayam, Bebek, Itik, Perikanan",GERAI KANTOR KOPERASI KOPERASI DESA MERAH PUTIH NGABEYAN KECAMATAN KARTASURA KABUPATEN SUKOHARJO,"Pengadaan Sembako, Kantor Koperasi",631.65,2245.01,4541.35,8657.67,14532.15,20957.93,28631.29,39241.06,51629.68,64414.29
55458,KOPERASI DESA MERAH PUTIH GUMPANG KECAMATAN KARTASURA KABUPATEN SUKOHARJO,GUMPANG,KARTASURA,-7.56805313,110.75956,Padi,GERAI KANTOR KOPERASI KOPERASI DESA MERAH PUTIH GUMPANG KECAMATAN KARTASURA KABUPATEN SUKOHARJO,"Pengadaan Sembako, Kantor Koperasi",1220.34,4063.78,9193.13,15544.66,22430.84,29463.86,36047.87,42671.34,52749.75,65444.57
55475,KOPERASI DESA MERAH PUTIH WIROGUNAN KECAMATAN KARTASURA KABUPATEN SUKOHARJO,WIROGUNAN,KARTASURA,-7.5431024,110.7276703,"Padi, Jagung, Ubi Jalar, Kacang Tanah, Cabai, Bawang, Pisang, Tanaman Obat, Kambing, Domba, Ayam, Bebek, Itik, Perikanan",GERAI KANTOR KOPERASI KOPERASI DESA MERAH PUTIH WIROGUNAN KECAMATAN KARTASURA KABUPATEN SUKOHARJO,"Pengadaan Sembako, Kantor Koperasi",758.21,2975.41,6390.59,11207.3,15410.55,20083.82,28772.06,38252.88,49069.5,59920.75
58700,KOPERASI DESA MERAH PUTIH SINGOPURAN KECAMATAN KARTASURA KABUPATEN SUKOHARJO,SINGOPURAN,KARTASURA,-7.54907272,110.749077,"Ubi Kayu, Ubi Jalar, Kacang Tanah, Cabai, Bawang, Tomat, Pisang, Padi, Jagung, Mangga, Tanaman Obat, Kambing, Domba, Bebek, Itik, Perikanan",GERAI KANTOR KOPERASI KOPERASI DESA MERAH PUTIH SINGOPURAN KECAMATAN KARTASURA KABUPATEN SUKOHARJO,"Pengadaan Sembako, Kantor Koperasi",420.12,2012.4,5470.23,10971.34,17581.11,24508.3,33049.29,41900.64,52926.37,65203.71
60354,KOPERASI DESA MERAH PUTIH DESA NGEMPLAK KECAMATAN KARTASURA KABUPATEN SUKOHARJO,DESA NGEMPLAK,KARTASURA,-7.5729613,110.7381245,Padi,"Kantor KDMP Ngemplak, GERAI LAKU PANDAI KOPERASI DESA MERAH PUTIH NGEMPLAK","Pengadaan Sembako, Kantor Koperasi",0.0,0.0,0.0,0.0,0.0,0.0,0.0,0.0,0.0,0.0
65290,KOPERASI DESA MERAH PUTIH PABELAN KECAMATAN KARTASURA KABUPATEN SUKOHARJO,PABELAN,KARTASURA,-7.56036482,110.7662891,"Padi, Jagung, Kedelai, Cabai, Tanaman Obat, Kambing, Domba, Ayam, Perikanan",GERAI KANTOR KOPERASI KOPERASI DESA MERAH PUTIH PABELAN KECAMATAN KARTASURA KABUPATEN SUKOHARJO,"Pengadaan Sembako, Kantor Koperasi",794.38,2968.06,6322.69,10715.71,16411.78,24213.64,31965.99,42045.91,53951.42,70252.5
65376,KOPERASI DESA MERAH PUTIH GONILAN KECAMATAN KARTASURA KABUPATEN SUKOHARJO,GONILAN,KARTASURA,-7.54994814,110.7652142,"Padi, Jagung, Cabai, Bawang, Tomat, Pisang, Mangga, Alpukat, Melon, Tanaman Obat, Sapi, Kerbau, Kambing, Ayam, Bebek, Itik, Perikanan","GERAI SEMBAKO KOPERASI DESA MERAH PUTIH GONILAN KECAMATAN KARTASURA KABUPATEN SUKOHARJO, UNIT USAHA LAINNYA KOPERASI DESA MERAH PUTIH GONILAN KECAMATAN KARTASURA KABUPATEN SUKOHARJO, GERAI COLD STORAGE/COLD CHAIN KOPERASI DESA MERAH PUTIH GONILAN KECAMATAN KARTASURA KABUPATEN SUKOHARJO, GERAI KANTOR KOPERASI KOPERASI DESA MERAH PUTIH GONILAN KECAMATAN KARTASURA KABUPATEN SUKOHARJO, GERAI LOGISTIK KOPERASI DESA MERAH PUTIH GONILAN KECAMATAN KARTASURA KABUPATEN SUKOHARJO","Pengadaan Sembako, Pergudangan / Cold Storage, Kantor Koperasi, Logistik Desa/Kelurahan",942.58,3801.24,8140.87,14334.02,22901.05,32210.94,42441.45,51838.16,62137.28,74602.49
65377,KOPERASI DESA MERAH PUTIH MAKAMHAJI KECAMATAN KARTASURA KABUPATEN SUKOHARJO,MAKAMHAJI,KARTASURA,-7.56630069,110.7770676,"Jagung, Kacang Tanah, Kacang Hijau, Cabai, Melon, Tanaman Obat, Kambing, Domba, Ayam, Bebek, Itik, Perikanan",GERAI KANTOR KOPERASI KOPERASI DESA MERAH PUTIH MAKAMHAJI KECAMATAN KARTASURA KABUPATEN SUKOHARJO,"Pengadaan Sembako, Kantor Koperasi",1418.55,4178.04,8152.79,14295.21,21345.75,30137.42,41174.41,54023.24,69178.58,86704.01
47626,KOPERASI DESA MERAH PUTIH GODOG KECAMATAN POLOKARTO KABUPATEN SUKOHARJO,GODOG,POLOKARTO,-7.64440135,110.8795817,"Padi, Perikanan, Kambing",-,Pengadaan Sembako,0.0,567.76,2038.2,3437.71,6409.49,11527.36,17143.5,21598.15,26711.72,32146.87
47665,KOPERASI DESA MERAH PUTIH NGOMBAKAN KECAMATAN POLOKARTO KABUPATEN SUKOHARJO,NGOMBAKAN,POLOKARTO,-7.62558135,110.862904,"Padi, Bebek",GERAI KANTOR KOPERASI KOPERASI DESA MERAH PUTIH NGOMBAKAN KECAMATAN POLOKARTO KABUPATEN SUKOHARJO,"Pengadaan Sembako, Kantor Koperasi",196.9,998.19,2269.2,5136.94,8676.17,12662.29,17743.89,24075.68,29850.19,37517.32
48921,KOPERASI DESA MERAH PUTIH PRANAN KECAMATAN POLOKARTO KABUPATEN SUKOHARJO,PRANAN,POLOKARTO,-7.62208756,110.8369816,"Padi, Jambu Air",GERAI KANTOR KOPERASI KOPERASI DESA MERAH PUTIH PRANAN KECAMATAN POLOKARTO KABUPATEN SUKOHARJO,"Pengadaan Sembako, Kantor Koperasi",199.76,1092.26,2427.68,4520.64,7346.63,12795.98,19699.51,27769.94,37452.06,47801.63
49367,KOPERASI DESA MERAH PUTIH KARANGWUNI KECAMATAN POLOKARTO KABUPATEN SUKOHARJO,KARANGWUNI,POLOKARTO,-7.6271223,110.8476456,Padi,GERAI KANTOR KOPERASI KOPERASI DESA MERAH PUTIH KARANGWUNI KECAMATAN POLOKARTO KABUPATEN SUKOHARJO,"Pengadaan Sembako, Kantor Koperasi",775.04,2027.11,3754.84,6583.79,11645.99,17338.47,23568.27,31540.47,40370.92,47801.16
52707,KOPERASI DESA MERAH PUTIH BAKALAN KECAMATAN POLOKARTO KABUPATEN SUKOHARJO,BAKALAN,POLOKARTO,-7.631206,110.868283,"Padi, Kambing, Perikanan",koperasi merah putih desa bakalan,"Pengadaan Sembako, Kantor Koperasi",684.02,2012.29,4284.87,7880.02,12498.23,17405.87,21073.44,26484.31,32766.98,39470.12
52931,KOPERASI DESA MERAH PUTIH BUGEL KECAMATAN POLOKARTO KABUPATEN SUKOHARJO,BUGEL,POLOKARTO,-7.63015378,110.8477694,"Padi, Pisang, Alpukat, Melon, Sapi, Kambing, Ayam, Bebek","GERAI KANTOR KOPERASI KOPERASI DESA MERAH PUTIH BUGEL KECAMATAN POLOKARTO KABUPATEN SUKOHARJO, GERAI COLD STORAGE/COLD CHAIN KOPERASI DESA MERAH PUTIH BUGEL KECAMATAN POLOKARTO KABUPATEN SUKOHARJO","Pengadaan Sembako, Kantor Koperasi, Pergudangan / Cold Storage",572.73,1839.85,3806.34,7987.12,13910.62,20840.09,29310.97,36354.71,43920.51,51515.17
55293,KOPERASI DESA MERAH PUTIH WONOREJO KECAMATAN POLOKARTO KABUPATEN SUKOHARJO,WONOREJO,POLOKARTO,-7.61836639,110.8888959,"Padi, Cabai, Pisang, Sapi, Kambing, Domba, Babi, Ayam, Bebek, Itik, Perikanan",Kantor Koperasi,"Pengadaan Sembako, Kantor Koperasi",163.46,587.82,1708.79,3865.03,8625.15,14306.43,20833.75,27968.16,34511.62,41443.93
56002,KOPERASI DESA MERAH PUTIH MRANGGEN KECAMATAN POLOKARTO KABUPATEN SUKOHARJO,MRANGGEN,POLOKARTO,-7.63415955,110.8896656,"Padi, Sapi, Kambing, Domba, Ayam, Itik, Perikanan",GERAI KANTOR KOPERASI KOPERASI DESA MERAH PUTIH MRANGGEN KECAMATAN POLOKARTO KABUPATEN SUKOHARJO,"Pengadaan Sembako, Kantor Koperasi",73.58,1470.86,3749.19,6945.49,9963.56,13974.15,18155.12,23710.66,29587.51,36814.12
57897,KOPERASI DESA MERAH PUTIH REJOSARI KECAMATAN POLOKARTO KABUPATEN SUKOHARJO,REJOSARI,POLOKARTO,-7.65597593,110.9204161,Ayam,Kantor Koperasi,Kantor Koperasi,362.59,1156.45,2697.41,5502.59,8010.68,9706.45,10837.28,12146.04,13417.83,15464.87
58577,KOPERASI DESA MERAH PUTIH KAYUAPAK KECAMATAN POLOKARTO KABUPATEN SUKOHARJO,KAYUAPAK,POLOKARTO,-7.62493188,110.9250756,"Padi, Jagung, Kacang Tanah, Cabai, Tomat, Pisang, Mangga, Alpukat, Melon, Sapi, Kambing, Domba, Ayam",GERAI KANTOR KOPERASI KOPERASI DESA MERAH PUTIH KAYUAPAK KECAMATAN POLOKARTO KABUPATEN SUKOHARJO,"Pengadaan Sembako, Kantor Koperasi",195.3,358.12,459.72,1385.78,2383.2,5129.05,8924.81,11791.97,14346.44,17329.57
58587,KOPERASI DESA MERAH PUTIH BULU KECAMATAN POLOKARTO KABUPATEN SUKOHARJO,BULU,POLOKARTO,-7.67293281,110.938812,Sapi,GERAI KANTOR KOPERASI KOPERASI DESA MERAH PUTIH BULU KECAMATAN POLOKARTO KABUPATEN SUKOHARJO,Kantor Koperasi,193.82,544.3,1447.67,2696.52,5754.04,7938.21,9923.05,12833.21,15474.8,18426.53
58637,KOPERASI DESA MERAH PUTIH KENOKOREJO KECAMATAN POLOKARTO KABUPATEN SUKOHARJO,KENOKOREJO,POLOKARTO,-7.66919456,110.8819765,"Padi, Melon, Kambing, Ayam",koperasi merah putih desa kenokorejo,"Pengadaan Sembako, Kantor Koperasi",0.0,1587.95,3351.66,5102.23,6555.53,8244.3,12302.32,17059.34,24867.81,33129.02
58657,KOPERASI DESA MERAH PUTIH POLOKARTO KECAMATAN POLOKARTO KABUPATEN SUKOHARJO,POLOKARTO,POLOKARTO,-7.6443664,110.9246331,"Mangga, Jagung, Ubi Kayu, Kacang Tanah, Cabai, Pisang, Alpukat, Sapi, Kambing, Domba, Ayam",GERAI KANTOR KOPERASI KOPERASI DESA MERAH PUTIH POLOKARTO KECAMATAN POLOKARTO KABUPATEN SUKOHARJO,"Pengadaan Sembako, Kantor Koperasi",537.96,1500.84,3251.34,5913.95,8997.56,12242.14,16084.76,19038.03,22883.02,26332.39
58675,KOPERASI DESA MERAH PUTIH JATISOBO KECAMATAN POLOKARTO KABUPATEN SUKOHARJO,JATISOBO,POLOKARTO,-7.62040654,110.9046752,"Bebek, Agen Gas, Umkm, Itik, Padi, Alpukat, Tanaman Obat, Sapi, Kambing, Domba, Ayam, Perikanan, Wisata Situs Sejarah Dan Museum","Kantor DMP, Unit Simpan Pinjam, Gerai LPG","Pengadaan Sembako, Usaha Simpan Pinjam, Kantor Koperasi",166.83,1342.4,2560.18,4295.06,6383.27,9161.07,13977.5,19464.88,26553.83,32831.08
58729,KOPERASI DESA MERAH PUTIH KEMASAN KECAMATAN POLOKARTO KABUPATEN SUKOHARJO,KEMASAN,POLOKARTO,-7.6524312,110.8857507,"Padi, Kambing, Perikanan",GERAI KANTOR KOPERASI KOPERASI DESA MERAH PUTIH KEMASAN KECAMATAN POLOKARTO KABUPATEN SUKOHARJO,"Pengadaan Sembako, Kantor Koperasi",174.26,570.82,2282.17,5830.63,9026.89,13886.09,19622.29,25543.62,32370.59,37890.72
58738,KOPERASI DESA MERAH PUTIH TEPISARI KECAMATAN POLOKARTO KABUPATEN SUKOHARJO,TEPISARI,POLOKARTO,-7.66512821,110.9089474,"Kacang Tanah, Kambing",-,Pengadaan Sembako,187.29,493.75,830.29,1431.48,2720.32,4496.98,7074.55,9833.87,13274.34,19124.06
61789,KOPERASI DESA MERAH PUTIH GENENGSARI KECAMATAN POLOKARTO KABUPATEN SUKOHARJO,GENENGSARI,POLOKARTO,-7.63134371,110.9390785,"Jagung, Ubi Kayu, Kacang Tanah, Cabai, Tomat, Pisang, Alpukat, Sapi, Kambing, Domba, Ayam, Padi",Kantor Koperasi,"Pengadaan Sembako, Kantor Koperasi",323.11,747.94,1084.9,1632.75,3244.3,5546.57,7539.75,10853.94,14410.18,17422.19
49354,KOPERASI DESA MERAH PUTIH LENGKING KECAMATAN BULU KABUPATEN SUKOHARJO,LENGKING,BULU,-7.73326875,110.8254756,"Padi, Pisang, Sapi, Kambing, Ayam, Bebek, Perikanan",-,Pengadaan Sembako,826.85,2363.04,5627.41,9316.12,13104.16,17673.26,22035.89,26639.96,31721.11,36202.94
49492,KOPERASI DESA MERAH PUTIH DESA MALANGAN KECAMATAN BULU KABUPATEN SUKOHARJO,DESA MALANGAN,BULU,-7.73878282,110.8067154,Padi,GERAI KANTOR KOPERASI KOPERASI DESA MERAH PUTIH DESA MALANGAN KECAMATAN BULU KABUPATEN SUKOHARJO,"Pengadaan Sembako, Kantor Koperasi",0.0,215.49,1573.06,3804.16,6631.85,11150.33,15968.18,21870.93,28083.71,34797.78
50814,KOPERASI DESA MERAH PUTIH PURON KECAMATAN BULU KABUPATEN SUKOHARJO,PURON,BULU,-7.75129378,110.8084849,Padi,"GERAI SIMPAN PINJAM KOPERASI DESA MERAH PUTIH PURON KECAMATAN BULU KABUPATEN SUKOHARJO, GERAI SEMBAKO KOPERASI DESA MERAH PUTIH PURON KECAMATAN BULU KABUPATEN SUKOHARJO","Pengadaan Sembako, Usaha Simpan Pinjam, Kantor Koperasi",290.1,1292.84,2881.97,5479.8,8794.21,12414.01,16175.54,21012.16,26207.61,30728.55
52667,KOPERASI DESA MERAH PUTIH SANGGANG KECAMATAN BULU KABUPATEN SUKOHARJO,SANGGANG,BULU,-7.7740346,110.8034153,"Serai, Arang Kayu, Alpukat",KANTOR KOPERASI DESA SANGGANG,Kantor Koperasi,386.93,1217.67,2098.63,2839.58,4129.54,6021.54,8418.71,10529.36,12041.63,14932.62
52876,KOPERASI DESA MERAH PUTIH KEDUNGSONO KECAMATAN BULU KABUPATEN SUKOHARJO,KEDUNGSONO,BULU,-7.79998977,110.8503318,"Padi, Pisang, Mangga, Sapi, Kambing, Ayam, Bebek",GERAI KANTOR KOPERASI KOPERASI DESA MERAH PUTIH KEDUNGSONO KECAMATAN BULU KABUPATEN SUKOHARJO,"Pengadaan Sembako, Kantor Koperasi",80.7,343.68,1414.26,2666.75,4345.39,6187.53,8059.94,10234.14,13263.65,16162.7
52888,KOPERASI DESA MERAH PUTIH KARANGASEM KECAMATAN BULU KABUPATEN SUKOHARJO,KARANGASEM,BULU,-7.75905984,110.8509026,"Pisang, Mangga, Alpukat, Sapi, Kambing, Ayam, Bebek, Perikanan, Padi","AGEN POS, GERAI KANTOR, GERAI LAKU PANDAI","Pengadaan Sembako, Kantor Koperasi",0.0,0.0,70.41,488.22,971.79,2434.41,4500.67,6777.89,10056.54,13964.94
52908,KOPERASI DESA MERAH PUTIH GENTAN KECAMATAN BULU KABUPATEN SUKOHARJO,GENTAN,BULU,-7.78387714,110.8375081,"Padi, Sapi, Kambing, Domba, Ayam, Perikanan",Kantor Koperasi,"Pengadaan Sembako, Kantor Koperasi",589.23,1299.53,1913.94,3129.13,4926.69,6762.66,9334.06,11703.59,14490.72,16916.72
52910,KOPERASI DESA MERAH PUTIH NGASINAN KECAMATAN BULU KABUPATEN SUKOHARJO,NGASINAN,BULU,-7.74444764,110.8328008,"Padi, Jagung, Kacang Tanah, Cabai, Bawang, Pisang, Mangga, Sapi, Kambing, Ayam, Bebek",-,Pengadaan Sembako,548.32,2324.78,5018.97,9256.18,14141.81,19347.99,24749.89,29562.38,33857.31,38342.35
52912,KOPERASI DESA MERAH PUTIH TIYARAN KECAMATAN BULU KABUPATEN SUKOHARJO,TIYARAN,BULU,-7.77115296,110.8494803,"Padi, Pisang, Mangga, Sapi, Kambing, Ayam, Bebek","GERAI SEMBAKO KOPERASI DESA MERAH PUTIH TIYARAN KECAMATAN BULU KABUPATEN SUKOHARJO, GERAI KANTOR KOPERASI KOPERASI DESA MERAH PUTIH TIYARAN KECAMATAN BULU KABUPATEN SUKOHARJO","Pengadaan Sembako, Kantor Koperasi",571.52,1654.46,3090.08,4154.48,6526.34,9334.07,11179.19,13803.3,16859.27,19767.52
57821,KOPERASI DESA MERAH PUTIH KAMAL KECAMATAN BULU KABUPATEN SUKOHARJO,KAMAL,BULU,-7.7732614,110.8202369,"Padi, Kayu Jati, Kacang Tanah, Peternakan Sapi, Perternakan Ayam, Peternakan Kambing, Arang Kayu","GERAI SEMBAKO KOPDES KAMAL, ATM MINI, KOPDES KAMAL","Pengadaan Sembako, Kantor Koperasi",0.0,0.0,0.0,0.0,0.0,0.0,0.0,0.0,0.0,0.0
61945,KOPERASI DESA MERAH PUTIH BULU KECAMATAN BULU KABUPATEN SUKOHARJO,BULU,BULU,-7.7603462,110.8343292,"Sapi, Kambing, Padi, Ayam",-,Pengadaan Sembako,377.44,2151.01,4411.21,7407.57,11199.8,14482.0,16795.64,19608.32,23231.31,28350.86
62232,KOPERASI DESA MERAH PUTIH KUNDEN KECAMATAN BULU KABUPATEN SUKOHARJO,KUNDEN,BULU,-7.75881956,110.8198067,"Ayam, Padi",-,Pengadaan Sembako,249.52,1029.82,2746.22,5997.37,9576.76,12612.74,15990.82,19554.35,24074.15,28155.53
49512,KOPERASI DESA MERAH PUTIH TEGALSARI KECAMATAN WERU KABUPATEN SUKOHARJO,TEGALSARI,WERU,-7.7723998,110.7360466,Padi,Kantor Desa  Tegalsari,Pengadaan Sembako,0.0,281.86,1166.08,2386.08,4140.6,7274.83,12350.07,18464.64,25372.79,33224.35
49694,KOPERASI DESA MERAH PUTIH KARANGMOJO KECAMATAN WERU KABUPATEN SUKOHARJO,KARANGMOJO,WERU,-7.774346,110.765294,"Padi, Kambing","GERAI KANTOR KOPERASI KOPERASI DESA MERAH PUTIH KARANGMOJO KECAMATAN WERU KABUPATEN SUKOHARJO, GERAI SIMPAN PINJAM KOPERASI DESA MERAH PUTIH KARANGMOJO KECAMATAN WERU KABUPATEN SUKOHARJO, GERAI SEMBAKO KOPERASI DESA MERAH PUTIH KARANGMOJO KECAMATAN WERU KABUPATEN SUKOHARJO","Pengadaan Sembako, Usaha Simpan Pinjam, Kantor Koperasi",275.0,767.62,2051.28,4934.94,9191.89,14062.37,19611.7,24902.23,31327.96,37628.87
52720,KOPERASI DESA MERAH PUTIH KARAKAN KECAMATAN WERU KABUPATEN SUKOHARJO,KARAKAN,WERU,-7.78766625,110.7454407,"Kambing, Padi",KDMP karakan Kecamatan Weru Kabupaten Sukoharjo,Pengadaan Sembako,0.0,253.92,1098.35,3309.54,6500.11,10835.02,15437.17,21863.13,28641.25,34122.67
52817,KOPERASI DESA MERAH PUTIH TAWANG KECAMATAN WERU KABUPATEN SUKOHARJO,TAWANG,WERU,-7.75493327,110.7524703,Padi,GERAI KANTOR KOPERASI KOPERASI DESA MERAH PUTIH TAWANG KECAMATAN WERU KABUPATEN SUKOHARJO,"Pengadaan Sembako, Kantor Koperasi",0.0,341.68,723.96,1505.53,2423.8,3375.47,5160.29,8737.67,14195.96,20784.39
52926,KOPERASI DESA MERAH PUTIH WERU KECAMATAN WERU KABUPATEN SUKOHARJO,WERU,WERU,-7.78019155,110.7566386,Padi,Kantor KDMP Weru,"Pengadaan Sembako, Kantor Koperasi",196.43,510.61,1189.67,2079.56,3759.28,6542.35,10992.93,17925.72,25813.55,32780.12
52953,KOPERASI DESA MERAH PUTIH ALASOMBO KECAMATAN WERU KABUPATEN SUKOHARJO,ALASOMBO,WERU,-7.78878353,110.7863932,"Padi, Sapi",GERAI KANTOR KOPERASI KOPERASI DESA MERAH PUTIH ALASOMBO KECAMATAN WERU KABUPATEN SUKOHARJO,"Pengadaan Sembako, Kantor Koperasi",0.0,83.71,755.49,2153.38,4191.58,6533.01,9719.03,13846.66,17289.99,21072.3
52961,KOPERASI DESA MERAH PUTIH JATINGARANG KECAMATAN WERU KABUPATEN SUKOHARJO,JATINGARANG,WERU,-7.8041033,110.7622806,"Melon, Industri Tahu Watukelir, Krupuk Watukelir",GERAI KANTOR KOPERASI KOPERASI DESA MERAH PUTIH JATINGARANG KECAMATAN WERU KABUPATEN SUKOHARJO,"Pengadaan Sembako, Kantor Koperasi",0.0,743.63,1945.75,3539.09,6184.01,9426.19,12926.65,18541.77,24949.53,30524.41
56593,KOPERASI DESA MERAH PUTIH KRAJAN KECAMATAN WERU KABUPATEN SUKOHARJO,KRAJAN,WERU,-7.81549155,110.7529759,"Padi, Perikanan",-,Pengadaan Sembako,754.5,3103.34,5972.14,10266.24,13863.22,17467.05,21910.86,27091.25,31935.32,36816.52
56620,KOPERASI DESA MERAH PUTIH GROGOL KECAMATAN WERU KABUPATEN SUKOHARJO,GROGOL,WERU,-7.7844532,110.7232942,"Sapi, Umkm Produksi Gendeng, Umkm Tenun Lurik, Padi, Kambing","GERAI SIMPAN PINJAM KOPERASI DESA MERAH PUTIH GROGOL KECAMATAN WERU KABUPATEN SUKOHARJO, GERAI KANTOR KOPERASI KOPERASI DESA MERAH PUTIH GROGOL KECAMATAN WERU KABUPATEN SUKOHARJO","Pengadaan Sembako, Usaha Simpan Pinjam, Kantor Koperasi",0.0,0.0,0.0,0.0,0.0,0.0,0.0,0.0,0.0,0.0
56629,KOPERASI DESA MERAH PUTIH KARANGTENGAH KECAMATAN WERU KABUPATEN SUKOHARJO,KARANGTENGAH,WERU,-7.79201795,110.7343246,"Padi, Kambing, Perikanan, Kerajinan Logam",KDMP KARANGTENGAH KEC.WERU KAB. SUKOHARJO,Pengadaan Sembako,620.3,2671.74,5175.94,7663.01,10234.49,14561.42,18361.13,24410.57,29679.17,35352.12
60425,KOPERASI DESA MERAH PUTIH KARANGANYAR KECAMATAN WERU KABUPATEN SUKOHARJO,KARANGANYAR,WERU,-7.79505061,110.770032,"Sapi, Padi","GERAI SIMPAN PINJAM KOPERASI DESA MERAH PUTIH KARANGANYAR KECAMATAN WERU KABUPATEN SUKOHARJO, GERAI COLD STORAGE/COLD CHAIN KOPERASI DESA MERAH PUTIH KARANGANYAR KECAMATAN WERU KABUPATEN SUKOHARJO, UNIT USAHA LAINNYA KOPERASI DESA MERAH PUTIH KARANGANYAR KECAMATAN WERU KABUPATEN SUKOHARJO, GERAI SEMBAKO KOPERASI DESA MERAH PUTIH KARANGANYAR KECAMATAN WERU KABUPATEN SUKOHARJO, GERAI KANTOR KOPERASI KOPERASI DESA MERAH PUTIH KARANGANYAR KECAMATAN WERU KABUPATEN SUKOHARJO","Pengadaan Sembako, Usaha Simpan Pinjam, Pergudangan / Cold Storage, Kantor Koperasi",113.85,635.13,959.56,1385.04,2972.33,7150.3,12105.15,16638.07,22484.91,30284.86
61546,KOPERASI DESA MERAH PUTIH KARANGWUNI KECAMATAN WERU KABUPATEN SUKOHARJO,KARANGWUNI,WERU,-7.80117623,110.7487386,"Perikanan, Padi",GERAI KANTOR KOPERASI KOPERASI DESA MERAH PUTIH KARANGWUNI KECAMATAN WERU KABUPATEN SUKOHARJO,"Pengadaan Sembako, Kantor Koperasi",699.56,2098.31,3850.87,6672.45,9486.52,12852.31,15593.26,19789.52,25240.56,31713.34
65389,KOPERASI DESA MERAH PUTIH NGRECO KECAMATAN WERU KABUPATEN SUKOHARJO,NGRECO,WERU,-7.76418893,110.7663819,Padi,"GERAI SEMBAKO KOPERASI DESA MERAH PUTIH NGRECO KECAMATAN WERU KABUPATEN SUKOHARJO, GERAI KANTOR KOPERASI KOPERASI DESA MERAH PUTIH NGRECO KECAMATAN WERU KABUPATEN SUKOHARJO, GERAI KLINIK KOPERASI DESA MERAH PUTIH NGRECO KECAMATAN WERU KABUPATEN SUKOHARJO, GERAI COLD STORAGE/COLD CHAIN KOPERASI DESA MERAH PUTIH NGRECO KECAMATAN WERU KABUPATEN SUKOHARJO, GERAI APOTEK KOPERASI DESA MERAH PUTIH NGRECO KECAMATAN WERU KABUPATEN SUKOHARJO, GERAI SIMPAN PINJAM KOPERASI DESA MERAH PUTIH NGRECO KECAMATAN WERU KABUPATEN SUKOHARJO","Pengadaan Sembako, Kantor Koperasi, Klinik Desa/Kelurahan, Pergudangan / Cold Storage, Apotek Desa/Kelurahan, Usaha Simpan Pinjam",225.78,1043.18,2595.68,4601.81,7198.52,11474.02,15854.07,20606.98,26587.69,33953.18
50642,KOPERASI DESA MERAH PUTIH CANGKOL KECAMATAN MOJOLABAN KABUPATEN SUKOHARJO,CANGKOL,MOJOLABAN,-7.610356,110.879607,"Padi, Industri Kecil Dan Kreatif Kerajinan Butik Batik Percetakanbutik, Home Industri Konveksi, Bandeng Presto",GERAI KANTOR KOPERASI KOPERASI DESA MERAH PUTIH CANGKOL KECAMATAN MOJOLABAN KABUPATEN SUKOHARJO,"Pengadaan Sembako, Kantor Koperasi",651.35,2688.22,5924.37,9270.04,14295.36,20527.01,27910.72,35808.84,44334.33,53922.63
51937,KOPERASI DESA MERAH PUTIH TRIYAGAN KECAMATAN MOJOLABAN KABUPATEN SUKOHARJO,TRIYAGAN,MOJOLABAN,-7.577729,110.893773,"Padi, Sapi, Kambing, Perikanan","GERAI SIMPAN PINJAM KOPERASI DESA MERAH PUTIH TRIYAGAN KECAMATAN MOJOLABAN KABUPATEN SUKOHARJO, GERAI KANTOR KOPERASI KOPERASI DESA MERAH PUTIH TRIYAGAN KECAMATAN MOJOLABAN KABUPATEN SUKOHARJO, Agen Laku Pandai","Pengadaan Sembako, Usaha Simpan Pinjam, Kantor Koperasi",705.34,3597.39,8077.59,14524.13,22124.9,30985.81,41214.57,49923.23,59008.4,70504.45
52974,KOPERASI DESA MERAH PUTIH SAPEN KECAMATAN MOJOLABAN KABUPATEN SUKOHARJO,SAPEN,MOJOLABAN,-7.59269287,110.90710309,"Sapi, Padi, Kambing, Perikanan",-,Pengadaan Sembako,594.18,1967.66,3802.75,6418.23,10270.48,15754.91,23351.5,30014.72,37434.16,46513.46
55321,KOPERASI DESA MERAH PUTIH LABAN KECAMATAN MOJOLABAN KABUPATEN SUKOHARJO,LABAN,MOJOLABAN,-7.60078301,110.8413238,Padi,-,Pengadaan Sembako,334.37,1412.33,3095.93,5370.74,7985.95,12260.42,17149.43,24606.63,30874.79,37819.71
55502,KOPERASI DESA MERAH PUTIH TEGALMADE KECAMATAN MOJOLABAN KABUPATEN SUKOHARJO,TEGALMADE,MOJOLABAN,-7.61172531,110.8416038,"Padi, Bebek, Itik",Kantor Koperasi,"Pengadaan Sembako, Kantor Koperasi",286.03,1034.94,2185.66,4089.64,6132.98,8030.67,9883.12,12655.45,16721.99,23102.78
56632,KOPERASI DESA MERAH PUTIH JOHO KECAMATAN MOJOLABAN KABUPATEN SUKOHARJO,JOHO,MOJOLABAN,-7.59140332,110.8876243,Padi,-,Pengadaan Sembako,0.0,0.0,0.0,0.0,0.0,0.0,0.0,0.0,0.0,0.0
56654,KOPERASI DESA MERAH PUTIH KRAGILAN KECAMATAN MOJOLABAN KABUPATEN SUKOHARJO,KRAGILAN,MOJOLABAN,-7.60681799,110.9013277,"Padi, Sapi, Kambing, Perikanan",GERAI KANTOR KOPERASI KOPERASI DESA MERAH PUTIH KRAGILAN KECAMATAN MOJOLABAN KABUPATEN SUKOHARJO,"Pengadaan Sembako, Kantor Koperasi",650.0,2556.55,5293.49,7928.48,10460.11,13853.62,19332.58,25190.36,33383.61,41534.7
56685,KOPERASI DESA MERAH PUTIH DEMAKAN KECAMATAN MOJOLABAN KABUPATEN SUKOHARJO,DEMAKAN,MOJOLABAN,-7.592844,110.868736,Padi,GERAI KANTOR KOPERASI KOPERASI DESA MERAH PUTIH DEMAKAN KECAMATAN MOJOLABAN KABUPATEN SUKOHARJO,"Pengadaan Sembako, Kantor Koperasi",628.5,2380.7,4030.11,6676.79,9994.64,13727.09,18249.51,25185.68,31899.46,41275.52
56711,KOPERASI DESA MERAH PUTIH DUKUH KECAMATAN MOJOLABAN KABUPATEN SUKOHARJO,DUKUH,MOJOLABAN,-7.59082156,110.8652502,"Padi, Sapi, Bebek",GERAI KANTOR KOPERASI KOPERASI DESA MERAH PUTIH DUKUH KECAMATAN MOJOLABAN KABUPATEN SUKOHARJO,"Pengadaan Sembako, Kantor Koperasi",545.51,1808.09,3518.0,5447.17,8760.52,14256.66,19863.19,24957.77,31090.62,36457.34
58641,KOPERASI DESA MERAH PUTIH PLUMBON KECAMATAN MOJOLABAN KABUPATEN SUKOHARJO,PLUMBON,MOJOLABAN,-7.59005638,110.8531513,"Jagung, Kambing, Padi",-,Pengadaan Sembako,269.05,1237.87,3472.95,5396.39,7833.58,11206.69,15926.72,22635.89,30929.4,39725.75
60578,KOPERASI DESA MERAH PUTIH PALUR KECAMATAN MOJOLABAN KABUPATEN SUKOHARJO,PALUR,MOJOLABAN,-7.57623033,110.8699696,Padi,-,Pengadaan Sembako,97.43,221.99,1263.34,2942.85,5713.25,9381.74,15882.6,23786.72,33918.46,44370.91
63301,KOPERASI DESA MERAH PUTIH GADINGAN KECAMATAN MOJOLABAN KABUPATEN SUKOHARJO,GADINGAN,MOJOLABAN,-7.58057519,110.8510913,"Sawah, Ubi Kayu, Ampyang, Makanan Rigan Karak Dan Rambak, Makanan Ringan Rengginang, Sapi, Romeo","GERAI KANTOR KOPERASI KOPERASI DESA MERAH PUTIH GADINGAN KECAMATAN MOJOLABAN KABUPATEN SUKOHARJO, kantor koperasi","Pengadaan Sembako, Kantor Koperasi",651.91,2693.05,5488.66,8654.76,12735.09,17686.48,23694.68,30627.01,37252.02,44704.37
52742,KOPERASI DESA MERAH PUTIH MAJASTO KECAMATAN TAWANGSARI KABUPATEN SUKOHARJO,MAJASTO,TAWANGSARI,-7.7087488,110.7825755,"Ayam, Sapi, Padi, Kambing, Itik",GERAI KANTOR KOPERASI KOPERASI DESA MERAH PUTIH MAJASTO KECAMATAN TAWANGSARI KABUPATEN SUKOHARJO,"Pengadaan Sembako, Kantor Koperasi",467.06,1632.0,3896.27,6437.64,9723.35,13334.49,16923.67,20480.62,24678.73,28696.31
52773,KOPERASI DESA MERAH PUTIH PUNDUNGREJO KECAMATAN TAWANGSARI KABUPATEN SUKOHARJO,PUNDUNGREJO,TAWANGSARI,-7.76204021,110.7962081,"Ayam, Sapi Ternak, Kambing, Padi","GERAI SEMBAKO DAN  LPJ, GERAI KANTOR KOPERASI KOPERASI DESA MERAH PUTIH PUNDUNGREJO KECAMATAN TAWANGSARI KABUPATEN SUKOHARJO","Pengadaan Sembako, Kantor Koperasi",23.93,297.14,780.75,1768.64,3685.01,7404.57,11467.37,14303.76,16991.79,20235.92
52821,KOPERASI DESA MERAH PUTIH LOROG KECAMATAN TAWANGSARI KABUPATEN SUKOHARJO,LOROG,TAWANGSARI,-7.7389094,110.7943665,"Padi, Jagung, Kambing, Ayam, Perikanan",GERAI KANTOR KOPERASI KOPERASI DESA MERAH PUTIH LOROG KECAMATAN TAWANGSARI KABUPATEN SUKOHARJO,"Pengadaan Sembako, Kantor Koperasi",0.0,0.0,0.0,0.0,0.0,0.0,0.0,0.0,0.0,0.0
52914,KOPERASI DESA MERAH PUTIH KEDUNGJAMBAL KECAMATAN TAWANGSARI KABUPATEN SUKOHARJO,KEDUNGJAMBAL,TAWANGSARI,-7.734864,110.760975,"Padi, Sapi, Domba, Kambing, Gas 3 Kg, Selep Gabah",Agen Laku Pandai,"Pengadaan Sembako, Logistik Desa/Kelurahan",279.59,1255.71,3108.54,5153.97,7832.17,11318.5,16342.02,21715.98,28480.28,35368.95
55330,KOPERASI DESA MERAH PUTIH GRAJEGAN KECAMATAN TAWANGSARI KABUPATEN SUKOHARJO,GRAJEGAN,TAWANGSARI,-7.73501536,110.7738112,"Padi, Kambing, Ayam",GERAI KANTOR KOPERASI KOPERASI DESA MERAH PUTIH GRAJEGAN KECAMATAN TAWANGSARI KABUPATEN SUKOHARJO,"Pengadaan Sembako, Kantor Koperasi",0.0,25.42,761.32,1682.42,3589.04,7069.08,10497.29,13931.76,16657.36,18668.21
55403,KOPERASI DESA MERAH PUTIH DALANGAN KECAMATAN TAWANGSARI KABUPATEN SUKOHARJO,DALANGAN,TAWANGSARI,-7.7239018,110.8143006,"Padi, Pisang",GERAI KANTOR KOPERASI KOPERASI DESA MERAH PUTIH DALANGAN KECAMATAN TAWANGSARI KABUPATEN SUKOHARJO,"Pengadaan Sembako, Kantor Koperasi",0.0,0.0,0.0,0.0,0.0,0.0,0.0,0.0,0.0,0.0
55551,KOPERASI DESA MERAH PUTIH WATUBONANG KECAMATAN TAWANGSARI KABUPATEN SUKOHARJO,WATUBONANG,TAWANGSARI,-7.747855,110.764424,"Padi, Wisata Alam Religi Gunung Taruwongso, Peternakan Skala Rumahan","GERAI KANTOR KOPERASI KOPERASI DESA MERAH PUTIH WATUBONANG KECAMATAN TAWANGSARI KABUPATEN SUKOHARJO, GERAI COLD STORAGE/COLD CHAIN KOPERASI DESA MERAH PUTIH WATUBONANG KECAMATAN TAWANGSARI KABUPATEN SUKOHARJO","Pengadaan Sembako, Pergudangan / Cold Storage, Kantor Koperasi",0.0,0.0,0.0,0.0,0.0,0.0,0.0,0.0,0.0,0.0
62586,KOPERASI DESA MERAH PUTIH TAMBAKBOYO KECAMATAN TAWANGSARI KABUPATEN SUKOHARJO,TAMBAKBOYO,TAWANGSARI,-7.68605638,110.7745137,"Padi, Sapi, Kambing, Domba",GERAI KANTOR KOPERASI KOPERASI DESA MERAH PUTIH TAMBAKBOYO KECAMATAN TAWANGSARI KABUPATEN SUKOHARJO,"Pengadaan Sembako, Kantor Koperasi",278.86,1434.83,3458.29,6414.55,9482.92,12957.7,17002.84,22760.95,29054.77,35038.32
63446,KOPERASI DESA MERAH PUTIH TANGKISAN KECAMATAN TAWANGSARI KABUPATEN SUKOHARJO,TANGKISAN,TAWANGSARI,-7.70780169,110.7935643,Padi,KDMP Tangkisan,Pengadaan Sembako,144.45,643.2,1465.84,4037.87,7515.64,12212.66,16212.28,20936.39,27951.38,35138.37
65223,KOPERASI DESA MERAH PUTIH KATEGUHAN KECAMATAN TAWANGSARI KABUPATEN SUKOHARJO,KATEGUHAN,TAWANGSARI,-7.73081267,110.79257,"Padi, Jagung, Sapi, Kambing, Ayam, Perikanan","GERAI KANTOR KOPERASI KOPERASI DESA MERAH PUTIH KATEGUHAN KECAMATAN TAWANGSARI KABUPATEN SUKOHARJO, Agen Laku Pandai KDMP Kateguhan","Pengadaan Sembako, Kantor Koperasi",0.0,249.73,1303.26,4008.43,7631.63,11893.16,17278.1,23401.93,31526.37,41967.73
69989,KOPERASI DESA MERAH PUTIH PONOWAREN KECAMATAN TAWANGSARI KABUPATEN SUKOHARJO,PONOWAREN,TAWANGSARI,-7.71856497,110.7777085,Padi,"GERAI COLD STORAGE/COLD CHAIN KOPERASI DESA MERAH PUTIH PONOWAREN KECAMATAN TAWANGSARI KABUPATEN SUKOHARJO, GERAI KANTOR KOPERASI KOPERASI DESA MERAH PUTIH PONOWAREN KECAMATAN TAWANGSARI KABUPATEN SUKOHARJO","Pengadaan Sembako, Pergudangan / Cold Storage, Kantor Koperasi",0.0,0.0,0.0,0.0,0.0,0.0,0.0,0.0,0.0,0.0
55271,KOPERASI DESA MERAH PUTIH TEMPEL KECAMATAN GATAK KABUPATEN SUKOHARJO,TEMPEL,GATAK,-7.5806226,110.7147009,"Kambing, Padi",KDMP TEMPEL KECAMATAN GATAK KABUPATEN SUKOHARJO,"Pengadaan Sembako, Kantor Koperasi",693.34,1888.53,5582.6,9385.57,14185.86,18306.94,22002.16,28216.27,33826.68,40758.63
58150,KOPERASI DESA MERAH PUTIH KAGOKAN KECAMATAN GATAK KABUPATEN SUKOHARJO,KAGOKAN,GATAK,-7.59275592,110.7217398,"Padi, Jagung, Cabai, Bebek",KDMP Kagokan Kecamatan Gatak Kabupaten Sukoharjo,Pengadaan Sembako,229.28,1339.31,3083.0,5323.91,8758.6,11683.93,15612.35,19409.92,25964.73,32622.42
58609,KOPERASI DESA MERAH PUTIH KLASEMAN KECAMATAN GATAK KABUPATEN SUKOHARJO,KLASEMAN,GATAK,-7.58652552,110.7255647,"Kambing, Padi, Penanaman Jagung, Tanaman Tembakau, Cabai Lokal, Sapi Ternak, Ternak Domba, Ayam Kampung, Peternak Bebek","GERAI SEMBAKO KOPERASI DESA MERAH PUTIH KLASEMAN KECAMATAN GATAK KABUPATEN SUKOHARJO, GERAI KANTOR KOPERASI KOPERASI DESA MERAH PUTIH KLASEMAN KECAMATAN GATAK KABUPATEN SUKOHARJO","Pengadaan Sembako, Kantor Koperasi",528.93,2059.21,4247.88,6801.24,10422.16,14473.12,18438.86,24270.24,30103.56,37324.65
58668,KOPERASI DESA MERAH PUTIH LUWANG KECAMATAN GATAK KABUPATEN SUKOHARJO,LUWANG,GATAK,-7.58880047,110.7379676,"Padi, Perikanan",Kanto KDMP Luwang,"Pengadaan Sembako, Kantor Koperasi",0.0,569.67,1832.82,4059.96,7334.73,11537.05,17457.79,24391.17,33020.54,41667.39
62137,KOPERASI DESA MERAH PUTIH SANGGUNG KECAMATAN GATAK KABUPATEN SUKOHARJO,SANGGUNG,GATAK,-7.59163056,110.7106582,"Padi, Usaha Kuliner Warung Makan, Tanaman Tembakau, Peternakan Unggas Ayam Bebek Dll",GERAI KANTOR KOPERASI KOPERASI DESA MERAH PUTIH SANGGUNG KECAMATAN GATAK KABUPATEN SUKOHARJO,"Pengadaan Sembako, Kantor Koperasi",199.38,912.28,2059.13,4839.01,9351.7,14661.21,21334.29,28773.38,36665.66,44416.64
62767,KOPERASI DESA MERAH PUTIH JATI KECAMATAN GATAK KABUPATEN SUKOHARJO,JATI,GATAK,-7.59716444,110.7633549,"Padi, Kacang Tanah, Kacang Hijau, Pisang, Kerbau, Bebek, Kambing, Ayam",-,Pengadaan Sembako,199.7,528.4,2570.31,6901.14,10891.68,17596.23,24240.08,33080.29,42272.71,51836.17
63271,KOPERASI DESA MERAH PUTIH WIRONANGGAN KECAMATAN GATAK KABUPATEN SUKOHARJO,WIRONANGGAN,GATAK,-7.57364089,110.7297468,"Padi, Cabai","GERAI KANTOR KOPERASI KOPERASI DESA MERAH PUTIH WIRONANGGAN KECAMATAN GATAK KABUPATEN SUKOHARJO, GERAI COLD STORAGE/COLD CHAIN KOPERASI DESA MERAH PUTIH WIRONANGGAN KECAMATAN GATAK KABUPATEN SUKOHARJO, KANTOR DESA WIRONANGGAN, GERAI SEMENTARA KDMP WIRONANGGAN","Pengadaan Sembako, Kantor Koperasi, Pergudangan / Cold Storage",0.0,909.8,2820.52,5833.81,10249.27,14960.02,20294.9,26563.0,33613.7,42004.94
65157,KOPERASI DESA MERAH PUTIH GENENG KECAMATAN GATAK KABUPATEN SUKOHARJO,GENENG,GATAK,-7.60619583,110.7583657,"Padi, Kambing, Ayam, Perikanan",GERAI KANTOR KOPERASI DESA MERAH PUTIH GENENG KECAMATAN GATAK KABUPATEN SUKOHARJO,"Pengadaan Sembako, Kantor Koperasi",173.58,716.99,1794.83,4388.84,7518.43,11854.69,17655.41,25308.94,35195.64,44608.34
65311,KOPERASI DESA MERAH PUTIH KRAJAN KECAMATAN GATAK KABUPATEN SUKOHARJO,KRAJAN,GATAK,-7.61123106,110.7520204,"Padi, Jagung, Kacang Tanah, Kacang Hijau, Sapi, Kerbau, Kambing, Domba, Ayam, Bebek",-,Pengadaan Sembako,295.05,979.22,2667.71,5017.56,9070.83,13283.0,17874.75,22306.91,28769.74,36379.93
65369,KOPERASI DESA MERAH PUTIH TROSEMI KECAMATAN GATAK KABUPATEN SUKOHARJO,TROSEMI,GATAK,-7.59151262,110.7539813,"Padi, Jagung, Kacang Tanah, Kacang Hijau, Kentang, Tomat, Alpukat, Sapi, Kambing, Ayam",KOPERASI DESA MERAH PUTIH TROSEMI KECAMATAN GATAK KABUPATEN SUKOHARJO,"Pengadaan Sembako, Kantor Koperasi",476.25,2186.9,5310.04,8517.65,11976.02,15721.93,21472.32,27709.78,37559.71,47716.12
65370,KOPERASI DESA MERAH PUTIH TRANGSAN KECAMATAN GATAK KABUPATEN SUKOHARJO,TRANGSAN,GATAK,-7.58057185,110.7446808,"Padi, Jagung, Ubi Kayu, Ubi Jalar, Kacang Tanah, Kacang Hijau, Cabai, Tomat, Pisang, Mangga, Alpukat, Melon, Tanaman Obat, Sapi, Kerbau, Kambing, Ayam, Bebek, Itik, Perikanan",-,Pengadaan Sembako,375.59,1333.62,2772.99,5686.46,8920.74,13688.15,19829.87,27168.39,37304.76,48863.93
65383,KOPERASI DESA MERAH PUTIH SRATEN KECAMATAN GATAK KABUPATEN SUKOHARJO,SRATEN,GATAK,-7.57522598,110.7218843,"Tanaman Padi, Jagung Manis","GERAI KANTOR KOPERASI KOPERASI DESA MERAH PUTIH SRATEN KECAMATAN GATAK KABUPATEN SUKOHARJO, GERAI SEMBAKO KOPERASI DESA MERAH PUTIH SRATEN KECAMATAN GATAK KABUPATEN SUKOHARJO","Pengadaan Sembako, Kantor Koperasi",787.51,1999.0,4114.91,7962.4,12485.53,17870.05,21769.85,28107.72,35484.68,42634.22
69441,KOPERASI DESA MERAH PUTIH BLIMBING KECAMATAN GATAK KABUPATEN SUKOHARJO,BLIMBING,GATAK,-7.5929811,110.73108914,"Bebek, Padi, Jagung, Ubi Kayu, Ubi Jalar, Kacang Hijau, Cabai, Tomat, Pisang, Mangga, Alpukat, Melon, Tanaman Obat, Sapi, Kerbau, Kambing, Ayam, Itik, Perikanan","GERAI SEMBAKO KOPERASI DESA MERAH PUTIH BLIMBING KECAMATAN GATAK KABUPATEN SUKOHARJO, GERAI KANTOR KOPERASI KOPERASI DESA MERAH PUTIH BLIMBING KECAMATAN GATAK KABUPATEN SUKOHARJO","Pengadaan Sembako, Kantor Koperasi",692.78,1999.37,3453.22,5299.23,7180.46,10482.34,14309.05,18824.73,26229.47,33115.8
56364,KOPERASI DESA MERAH PUTIH BENTAKAN KECAMATAN BAKI KABUPATEN SUKOHARJO,BENTAKAN,BAKI,-7.62133768,110.7820627,"Kambing, Ayam, Bebek, Padi",-,Pengadaan Sembako,0.0,0.0,0.0,0.0,0.0,0.0,0.0,0.0,0.0,0.0
61833,KOPERASI DESA MERAH PUTIH KUDU KECAMATAN BAKI KABUPATEN SUKOHARJO,KUDU,BAKI,-7.61357814,110.7920982,"Padi, Jagung, Cabai, Kambing, Ayam",GERAI SEMBAKO KOPERASI DESA MERAH PUTIH KUDU KECAMATAN BAKI KABUPATEN SUKOHARJO,"Pengadaan Sembako, Kantor Koperasi",322.02,964.74,3858.42,7640.74,12500.64,18998.16,24749.66,30415.19,39756.53,51924.88
62163,KOPERASI DESA MERAH PUTIH JETIS KECAMATAN BAKI KABUPATEN SUKOHARJO,JETIS,BAKI,-7.61731383,110.7678209,"Padi, Kambing, Bebek",KOPERASI DESA MERAH PUTIH JETIS KECAMATAN BAKI KABUPATEN SUKOHARJO,"Pengadaan Sembako, Kantor Koperasi",685.42,2687.47,6593.28,10303.51,14430.7,20917.53,26296.37,32553.29,40025.15,49086.09
62306,KOPERASI DESA MERAH PUTIH WARU KECAMATAN BAKI KABUPATEN SUKOHARJO,WARU,BAKI,-7.58758845,110.7640208,"Padi, Jagung, Ubi Kayu, Cabai, Melon, Kambing, Domba, Ayam, Itik, Perikanan",GERAI KANTOR KOPERASI KOPERASI DESA MERAH PUTIH WARU KECAMATAN BAKI KABUPATEN SUKOHARJO,"Pengadaan Sembako, Kantor Koperasi",602.69,2321.66,4467.44,7870.57,13991.06,21351.51,29017.61,40006.6,50058.97,60320.56
62619,KOPERASI DESA MERAH PUTIH MENURAN KECAMATAN BAKI KABUPATEN SUKOHARJO,MENURAN,BAKI,-7.6103221,110.7749599,"Padi, Jagung, Ayam, Bebek",-,Pengadaan Sembako,0.0,0.0,0.0,0.0,0.0,0.0,0.0,0.0,0.0,0.0
62931,KOPERASI DESA MERAH PUTIH MANCASAN KECAMATAN BAKI KABUPATEN SUKOHARJO,MANCASAN,BAKI,-7.6304919,110.7836336,"Padi, Cabai, Pisang, Mangga, Sapi, Kerbau, Kambing, Domba, Ayam, Bebek","GERAI KANTOR KOPERASI KOPERASI DESA MERAH PUTIH MANCASAN KECAMATAN BAKI KABUPATEN SUKOHARJO, Agen Laku Pandai","Pengadaan Sembako, Kantor Koperasi",768.81,3064.0,6699.12,9932.73,13541.32,18057.12,22635.55,27399.75,32319.38,40001.84
63471,KOPERASI DESA MERAH PUTIH KADILANGU KECAMATAN BAKI KABUPATEN SUKOHARJO,KADILANGU,BAKI,-7.60361566,110.7883895,Padi,Kantor Koperasi,"Pengadaan Sembako, Kantor Koperasi",489.9,2196.92,4605.82,7650.18,10625.37,16014.99,22272.97,29815.82,38608.06,50254.79
65250,KOPERASI DESA MERAH PUTIH SIWAL KECAMATAN BAKI KABUPATEN SUKOHARJO,SIWAL,BAKI,-7.59101321,110.7773826,Padi,GERAI KANTOR KOPERASI KOPERASI DESA MERAH PUTIH SIWAL KECAMATAN BAKI KABUPATEN SUKOHARJO,"Pengadaan Sembako, Kantor Koperasi",270.11,744.87,2457.31,5570.34,10554.77,16872.2,24629.38,33415.7,44103.22,53933.0
65372,KOPERASI DESA MERAH PUTIH NGROMBO KECAMATAN BAKI KABUPATEN SUKOHARJO,NGROMBO,BAKI,-7.6362016,110.7871631,"Padi, Jagung, Sapi, Kambing, Domba, Ayam, Bebek",-,Pengadaan Sembako,668.21,1591.2,3771.54,6914.82,10800.39,15252.72,19526.92,26774.9,33843.63,39964.38
65374,KOPERASI DESA MERAH PUTIH GEDONGAN KECAMATAN BAKI KABUPATEN SUKOHARJO,GEDONGAN,BAKI,-7.623938,110.769119,"Padi, Sapi, Kambing, Domba, Ayam, Bebek, Itik","GERAI SEMBAKO KOPERASI DESA MERAH PUTIH GEDONGAN KECAMATAN BAKI KABUPATEN SUKOHARJO, GERAI SIMPAN PINJAM KOPERASI DESA MERAH PUTIH GEDONGAN KECAMATAN BAKI KABUPATEN SUKOHARJO, GERAI KLINIK KOPERASI DESA MERAH PUTIH GEDONGAN KECAMATAN BAKI KABUPATEN SUKOHARJO, GERAI LOGISTIK KOPERASI DESA MERAH PUTIH GEDONGAN KECAMATAN BAKI KABUPATEN SUKOHARJO, UNIT USAHA LAINNYA KOPERASI DESA MERAH PUTIH GEDONGAN KECAMATAN BAKI KABUPATEN SUKOHARJO, Kantor Koperasi","Pengadaan Sembako, Usaha Simpan Pinjam, Klinik Desa/Kelurahan, Logistik Desa/Kelurahan, Kantor Koperasi",733.83,2663.54,6167.5,9927.08,13511.46,18430.56,24258.0,31175.35,37898.76,44091.2
68289,KOPERASI DESA MERAH PUTIH GENTAN KECAMATAN BAKI KABUPATEN SUKOHARJO,GENTAN,BAKI,-7.5795043,110.783224,"Cabai, Tanaman Obat, Ayam, Perikanan","Klikgentan.id, GentaPOS, Kantor Koperasi Desa Merah Putih Gentan Kec. Baki Kab. Sukoharjo","Pengadaan Sembako, Kantor Koperasi",774.9,3196.8,7746.16,14992.55,23523.22,33169.6,42905.16,53692.95,65227.13,78924.93
68825,KOPERASI DESA MERAH PUTIH PURBAYAN KECAMATAN BAKI KABUPATEN SUKOHARJO,PURBAYAN,BAKI,-7.57600924,110.7713954,"Padi, Jagung, Cabai, Melon, Kambing, Domba, Ayam, Itik, Perikanan",GERAI KANTOR KOPERASI KOPERASI DESA MERAH PUTIH PURBAYAN KECAMATAN BAKI KABUPATEN SUKOHARJO,"Pengadaan Sembako, Kantor Koperasi",880.69,3619.91,8474.98,15472.8,23465.95,33184.39,43306.49,54764.27,68901.23,84830.68
69964,KOPERASI DESA MERAH PUTIH DUWET KECAMATAN BAKI KABUPATEN SUKOHARJO,DUWET,BAKI,-7.59837764,110.7724777,Padi,"GERAI COLD STORAGE/COLD CHAIN KOPERASI DESA MERAH PUTIH DUWET KECAMATAN BAKI KABUPATEN SUKOHARJO, Kantor KDMP Duwet","Pengadaan Sembako, Pergudangan / Cold Storage, Kantor Koperasi",0.0,0.0,0.0,0.0,0.0,0.0,0.0,0.0,0.0,0.0
70215,KOPERASI DESA MERAH PUTIH BAKIPANDEYAN KECAMATAN BAKI KABUPATEN SUKOHARJO,BAKIPANDEYAN,BAKI,-7.59667538,110.7863531,"Padi, Cabai, Kambing, Itik",GERAI KANTOR KOPERASI KOPERASI DESA MERAH PUTIH BAKIPANDEYAN KECAMATAN BAKI KABUPATEN SUKOHARJO,"Pengadaan Sembako, Kantor Koperasi",0.0,863.67,2378.42,4805.38,8050.99,12385.05,17726.69,24822.42,32324.33,41979.43
